id,company_id,from,from_location,to,to_location,Distance
3,b7d22008-1a17-452d-a360-de5bbdbd773f,Davisfurt,eb9c5ee5-dabe-4bf1-bd76-c95339fad5ed,North Toniborough,accc4dc5-becb-4ceb-a1d7-15d10cc7966f,50
4,b7d22008-1a17-452d-a360-de5bbdbd773f,East Anthony,f3659034-d084-4579-8924-23443d6f7467,East Devin,df73f72e-0023-4526-be29-bb261f06cc1e,90
5,b7d22008-1a17-452d-a360-de5bbdbd773f,Deannaview,15404ccd-0532-475d-8c04-4517db13a800,Peterchester,4f2272a5-5a9a-4c35-b9cd-3d4b3b05d9dd,87
6,b7d22008-1a17-452d-a360-de5bbdbd773f,Jessicaton,4cb3eea3-5b86-46b5-a891-423914e7bdd6,East Tanner,cc70a37f-0213-4957-aac3-b3ff85c6b49b,34
7,b7d22008-1a17-452d-a360-de5bbdbd773f,Riveratown,77f31660-4db8-4f2d-b098-d302e86959bb,Port Rebecca,4f2272a5-5a9a-4c35-b9cd-3d4b3b05d9dd,40
8,b7d22008-1a17-452d-a360-de5bbdbd773f,West Mistybury,3b10c7ee-db34-47eb-be5d-a135b40f7604,Port Felicia,5f1c43f6-4852-4251-b82a-1c3348886d27,45
9,b7d22008-1a17-452d-a360-de5bbdbd773f,North Todd,c2cf3ae0-bee5-4ee2-9f1d-8eb7ff3bc010,Harrellbury,68df335d-da54-4ea9-803d-be44fff6571f,64
10,b7d22008-1a17-452d-a360-de5bbdbd773f,New Lauriechester,569952a5-1c0f-400c-81a7-023de0502f1c,Johnville,cc70a37f-0213-4957-aac3-b3ff85c6b49b,24
11,b7d22008-1a17-452d-a360-de5bbdbd773f,Stricklandton,2182b9c3-c09e-45ef-9ec5-07b6fc4c8ffc,Morachester,569952a5-1c0f-400c-81a7-023de0502f1c,83
12,b7d22008-1a17-452d-a360-de5bbdbd773f,Raymouth,0416c58d-9c10-46d3-b895-cd680b79bde7,Michaelstad,4f2272a5-5a9a-4c35-b9cd-3d4b3b05d9dd,55
13,b7d22008-1a17-452d-a360-de5bbdbd773f,East Taylor,424f58d5-8014-4e76-b80d-44f32fe56d56,Lindaberg,7c7b2573-7097-4e71-98b5-ecaf05b0a2a3,89
14,b7d22008-1a17-452d-a360-de5bbdbd773f,West Sarahton,ccf128a6-442c-4b79-9c53-acdaf4606d95,Harveyview,81c30d0d-50f5-48c4-a719-0b5037da8750,15
15,b7d22008-1a17-452d-a360-de5bbdbd773f,Terrymouth,991b7ffb-259d-4af0-b5bc-3ed4d3e2c509,New Destiny,4f2272a5-5a9a-4c35-b9cd-3d4b3b05d9dd,19
16,b7d22008-1a17-452d-a360-de5bbdbd773f,Stephenview,59205dfa-25eb-43a6-a607-085a1f399f55,Hernandezport,4f2272a5-5a9a-4c35-b9cd-3d4b3b05d9dd,83
17,b7d22008-1a17-452d-a360-de5bbdbd773f,Lynchmouth,3b10c7ee-db34-47eb-be5d-a135b40f7604,Brennanshire,0a63bc06-e36d-482b-b136-0f4c761629d2,26
18,b7d22008-1a17-452d-a360-de5bbdbd773f,Randolphhaven,accc4dc5-becb-4ceb-a1d7-15d10cc7966f,New George,33fd3cb3-335b-4169-b2cd-da0040aee262,78
19,b7d22008-1a17-452d-a360-de5bbdbd773f,New Joy,bfca6066-da44-4efd-86f0-36e2fb7e946e,Rodriguezside,991b7ffb-259d-4af0-b5bc-3ed4d3e2c509,41
20,b7d22008-1a17-452d-a360-de5bbdbd773f,West Maria,90eff5da-0535-426b-bbe0-08b34922eddf,North Kayla,def5b242-48e9-4f21-9359-24600246d9c5,82
21,b7d22008-1a17-452d-a360-de5bbdbd773f,Rachaeltown,95d39eb3-ae12-42a4-92d7-4cf753c35dce,Ryanville,df73f72e-0023-4526-be29-bb261f06cc1e,81
22,b7d22008-1a17-452d-a360-de5bbdbd773f,Rodgersport,90eff5da-0535-426b-bbe0-08b34922eddf,South Cheryl,56d46ee6-cce8-476a-bf0e-9ed1aa87e3b9,69
23,b7d22008-1a17-452d-a360-de5bbdbd773f,Maryview,b24105e1-f4a4-4fea-a6f7-dd0bd6a17360,Lake Kayla,c51c5a3e-58bc-4207-abb9-c031375778f0,38
24,b7d22008-1a17-452d-a360-de5bbdbd773f,New Stephanie,0416c58d-9c10-46d3-b895-cd680b79bde7,Jennifermouth,2643a1ce-14b0-4a28-956a-2b01a64aee1e,44
25,b7d22008-1a17-452d-a360-de5bbdbd773f,Burnettfurt,b7907529-bad9-42e1-9529-d2e77a79313a,Kellyton,569952a5-1c0f-400c-81a7-023de0502f1c,50
26,b7d22008-1a17-452d-a360-de5bbdbd773f,Allenton,95d39eb3-ae12-42a4-92d7-4cf753c35dce,Martinezfort,bf0c07c2-0415-439a-8b78-f4bf07843b9d,61
27,b7d22008-1a17-452d-a360-de5bbdbd773f,Catherineton,8d3a75c0-f1c8-41d7-8043-d80d78ede04a,East Shannonview,74e25eea-6f32-45b8-ac4d-e7830fa3b218,60
28,b7d22008-1a17-452d-a360-de5bbdbd773f,Michelleburgh,887a835d-61aa-4a71-a5f9-36aba81c9a4a,West Nicholasburgh,33fd3cb3-335b-4169-b2cd-da0040aee262,66
29,b7d22008-1a17-452d-a360-de5bbdbd773f,Lake Carolport,77f31660-4db8-4f2d-b098-d302e86959bb,West Harry,a358dcd5-452c-4270-814b-a303237f5cd9,22
30,b7d22008-1a17-452d-a360-de5bbdbd773f,Brenttown,9b90a929-fef1-401b-a459-cd17f268ab15,Smithside,d38717a3-da78-4285-8269-7ad881a4bafe,90
31,b7d22008-1a17-452d-a360-de5bbdbd773f,North Jennifer,695a0b06-9c8d-4ac6-bbbc-b1820a92692a,Curtismouth,5c64e90c-17ec-4c98-9cdf-06d7b9e5f8b3,57
32,b7d22008-1a17-452d-a360-de5bbdbd773f,Ashleyborough,59531cf3-2757-44fc-b5c7-927316132afa,East Vincentville,cd8518b1-b35a-4ed4-9c9f-c5429f48a435,35
33,b7d22008-1a17-452d-a360-de5bbdbd773f,Johnsonville,b19f0179-6544-4794-af33-38ae3e01cbdd,Port Chad,e258af62-e87c-4d68-9ce4-66065d182b98,99
34,b7d22008-1a17-452d-a360-de5bbdbd773f,Port Teresaside,0a63bc06-e36d-482b-b136-0f4c761629d2,Lindaport,12bafa44-79bc-4b96-a042-6ce1d2d20a00,83
35,b7d22008-1a17-452d-a360-de5bbdbd773f,Lake Jessica,2643a1ce-14b0-4a28-956a-2b01a64aee1e,Larsontown,d241a744-4f37-4c2e-9650-b8addc846fdd,16
36,b7d22008-1a17-452d-a360-de5bbdbd773f,East Arianamouth,3b10c7ee-db34-47eb-be5d-a135b40f7604,New Richardfort,484e27c2-f7f3-4e24-b65e-42584ab00d69,72
37,b7d22008-1a17-452d-a360-de5bbdbd773f,Seanside,33fd3cb3-335b-4169-b2cd-da0040aee262,Charlesburgh,59205dfa-25eb-43a6-a607-085a1f399f55,11
38,b7d22008-1a17-452d-a360-de5bbdbd773f,Raymondland,6b6899e6-424d-4e2f-9ca1-4dd5e414d4f4,Williamsburgh,0a63bc06-e36d-482b-b136-0f4c761629d2,69
39,b7d22008-1a17-452d-a360-de5bbdbd773f,Johnborough,ccf128a6-442c-4b79-9c53-acdaf4606d95,South Brandi,accc4dc5-becb-4ceb-a1d7-15d10cc7966f,94
40,b7d22008-1a17-452d-a360-de5bbdbd773f,Juliehaven,e258af62-e87c-4d68-9ce4-66065d182b98,Richardsshire,bf0c07c2-0415-439a-8b78-f4bf07843b9d,75
41,b7d22008-1a17-452d-a360-de5bbdbd773f,Ericfort,4ebd4e28-f93e-4c62-b5ca-deadd7afac96,Lake Amy,12bafa44-79bc-4b96-a042-6ce1d2d20a00,25
42,b7d22008-1a17-452d-a360-de5bbdbd773f,Taylortown,68df335d-da54-4ea9-803d-be44fff6571f,Alvarezbury,4f2272a5-5a9a-4c35-b9cd-3d4b3b05d9dd,26
43,b7d22008-1a17-452d-a360-de5bbdbd773f,Lake Scott,ccf128a6-442c-4b79-9c53-acdaf4606d95,Michaelview,727a80e5-68bd-472d-85ce-765f8d122ce9,29
44,b7d22008-1a17-452d-a360-de5bbdbd773f,Lovefurt,59205dfa-25eb-43a6-a607-085a1f399f55,Colleenstad,5f1c43f6-4852-4251-b82a-1c3348886d27,67
45,b7d22008-1a17-452d-a360-de5bbdbd773f,South James,81c30d0d-50f5-48c4-a719-0b5037da8750,Davidsonburgh,2fc8de7f-fb5a-4b7c-b607-37803992a2da,45
46,b7d22008-1a17-452d-a360-de5bbdbd773f,Toddmouth,c2cf3ae0-bee5-4ee2-9f1d-8eb7ff3bc010,Port Rickyburgh,695a0b06-9c8d-4ac6-bbbc-b1820a92692a,86
47,b7d22008-1a17-452d-a360-de5bbdbd773f,Perryhaven,15404ccd-0532-475d-8c04-4517db13a800,New Jeffrey,9b90a929-fef1-401b-a459-cd17f268ab15,51
48,b7d22008-1a17-452d-a360-de5bbdbd773f,East Julie,7c7b2573-7097-4e71-98b5-ecaf05b0a2a3,Paulashire,59531cf3-2757-44fc-b5c7-927316132afa,16
49,b7d22008-1a17-452d-a360-de5bbdbd773f,Jacobshire,e258af62-e87c-4d68-9ce4-66065d182b98,Lake Kim,ac2ce4e3-65ac-4c6a-acf7-960102d13dfc,66
50,b7d22008-1a17-452d-a360-de5bbdbd773f,New Michaelmouth,f3659034-d084-4579-8924-23443d6f7467,New Kathy,887a835d-61aa-4a71-a5f9-36aba81c9a4a,41
51,b7d22008-1a17-452d-a360-de5bbdbd773f,West Paul,8d55b2f2-ee56-4f8d-8142-31295f34aa0a,Travismouth,5a298034-abc9-4eca-b799-bdd853c8d419,64
52,b7d22008-1a17-452d-a360-de5bbdbd773f,Roblesberg,74e25eea-6f32-45b8-ac4d-e7830fa3b218,Lake Marissaport,59205dfa-25eb-43a6-a607-085a1f399f55,36
53,b7d22008-1a17-452d-a360-de5bbdbd773f,Edwardsbury,a358dcd5-452c-4270-814b-a303237f5cd9,South Michaelside,695a0b06-9c8d-4ac6-bbbc-b1820a92692a,86
54,b7d22008-1a17-452d-a360-de5bbdbd773f,Caseyshire,bfca6066-da44-4efd-86f0-36e2fb7e946e,Colehaven,12bafa44-79bc-4b96-a042-6ce1d2d20a00,32
55,b7d22008-1a17-452d-a360-de5bbdbd773f,Lisaton,65ed12cb-e08b-4750-a185-3beb0b91ac69,Jamiebury,33fd3cb3-335b-4169-b2cd-da0040aee262,37
56,b7d22008-1a17-452d-a360-de5bbdbd773f,Patriciaburgh,d241a744-4f37-4c2e-9650-b8addc846fdd,West Carolinestad,1da6ad85-4ddb-4607-a794-0ec6d88a4c4b,27
57,b7d22008-1a17-452d-a360-de5bbdbd773f,Lake Christophertown,254cbb80-f015-4ed1-a8be-8214d235b9c6,Hillport,a4aab68a-a690-4c3c-9d18-df963cd9058c,100
58,b7d22008-1a17-452d-a360-de5bbdbd773f,Lake Bianca,7457058f-e981-4ced-9d27-c060d6601265,West Casey,57eaa7d0-cc35-492a-baa9-89ec01fb9677,80
59,b7d22008-1a17-452d-a360-de5bbdbd773f,Kyleburgh,3609349f-a93d-4140-8d2f-0541e88ebd17,South Marcusmouth,b24105e1-f4a4-4fea-a6f7-dd0bd6a17360,34
60,b7d22008-1a17-452d-a360-de5bbdbd773f,New Nina,7457058f-e981-4ced-9d27-c060d6601265,Phillipshire,c2cf3ae0-bee5-4ee2-9f1d-8eb7ff3bc010,41
61,b7d22008-1a17-452d-a360-de5bbdbd773f,Tanyaborough,424f58d5-8014-4e76-b80d-44f32fe56d56,Drakeville,ba62a0b1-cfad-4a4f-8f04-eb84980c5f45,23
62,b7d22008-1a17-452d-a360-de5bbdbd773f,West Davidchester,57eaa7d0-cc35-492a-baa9-89ec01fb9677,South Edward,cc70a37f-0213-4957-aac3-b3ff85c6b49b,56
63,b7d22008-1a17-452d-a360-de5bbdbd773f,Phelpsbury,887a835d-61aa-4a71-a5f9-36aba81c9a4a,East David,484e27c2-f7f3-4e24-b65e-42584ab00d69,39
64,b7d22008-1a17-452d-a360-de5bbdbd773f,Jacksonfort,991b7ffb-259d-4af0-b5bc-3ed4d3e2c509,Brettborough,2072c6e0-ba3d-4a83-8948-f69c5a6ca5a4,19
65,b7d22008-1a17-452d-a360-de5bbdbd773f,New Ronaldside,5c64e90c-17ec-4c98-9cdf-06d7b9e5f8b3,Frankburgh,33fd3cb3-335b-4169-b2cd-da0040aee262,15
66,b7d22008-1a17-452d-a360-de5bbdbd773f,New Loribury,727a80e5-68bd-472d-85ce-765f8d122ce9,West Elizabeth,12bafa44-79bc-4b96-a042-6ce1d2d20a00,88
67,b7d22008-1a17-452d-a360-de5bbdbd773f,South Gregoryland,8b7e1249-d545-4c7c-b8f1-5d12478349b4,South Billyborough,cd8518b1-b35a-4ed4-9c9f-c5429f48a435,86
68,b7d22008-1a17-452d-a360-de5bbdbd773f,New Robert,59205dfa-25eb-43a6-a607-085a1f399f55,North Caitlin,e258af62-e87c-4d68-9ce4-66065d182b98,38
69,b7d22008-1a17-452d-a360-de5bbdbd773f,East Andrea,6983dc6a-f007-48e5-b08f-214833d19284,Port Samanthaville,68df335d-da54-4ea9-803d-be44fff6571f,57
70,b7d22008-1a17-452d-a360-de5bbdbd773f,North Mark,7457058f-e981-4ced-9d27-c060d6601265,Lake Michael,5b12d77e-ad0e-4257-a5d8-bd16f4a762de,66
71,b7d22008-1a17-452d-a360-de5bbdbd773f,Anthonyville,d241a744-4f37-4c2e-9650-b8addc846fdd,Cortezhaven,2072c6e0-ba3d-4a83-8948-f69c5a6ca5a4,100
72,b7d22008-1a17-452d-a360-de5bbdbd773f,South Allison,a5067d9e-d0b5-4291-91da-b4208453d483,Perezburgh,def5b242-48e9-4f21-9359-24600246d9c5,66
73,b7d22008-1a17-452d-a360-de5bbdbd773f,North Kelly,59882b2e-6776-4969-af57-7189ee09e1cd,Lake Sherry,65ed9ece-3345-4101-a978-cb1fefc15fef,74
74,b7d22008-1a17-452d-a360-de5bbdbd773f,West Stephaniefort,497c448d-6b70-4c7d-a8ec-eecb26304775,Whiteshire,5c64e90c-17ec-4c98-9cdf-06d7b9e5f8b3,38
75,b7d22008-1a17-452d-a360-de5bbdbd773f,Hendersonborough,0416c58d-9c10-46d3-b895-cd680b79bde7,New Brandontown,484e27c2-f7f3-4e24-b65e-42584ab00d69,15
76,b7d22008-1a17-452d-a360-de5bbdbd773f,Pearsonchester,cd8518b1-b35a-4ed4-9c9f-c5429f48a435,Yuville,695a0b06-9c8d-4ac6-bbbc-b1820a92692a,80
77,b7d22008-1a17-452d-a360-de5bbdbd773f,Patrickberg,5c64e90c-17ec-4c98-9cdf-06d7b9e5f8b3,New Sandra,b19f0179-6544-4794-af33-38ae3e01cbdd,78
78,b7d22008-1a17-452d-a360-de5bbdbd773f,Andersonstad,569952a5-1c0f-400c-81a7-023de0502f1c,Lake Nicholas,2fc8de7f-fb5a-4b7c-b607-37803992a2da,46
79,b7d22008-1a17-452d-a360-de5bbdbd773f,Lake Kelly,95d39eb3-ae12-42a4-92d7-4cf753c35dce,Robertland,a10263df-8474-4ad8-bad8-40699183f04e,84
80,b7d22008-1a17-452d-a360-de5bbdbd773f,Kramerbury,e258af62-e87c-4d68-9ce4-66065d182b98,New Jennifer,15404ccd-0532-475d-8c04-4517db13a800,14
81,b7d22008-1a17-452d-a360-de5bbdbd773f,West Brookeland,be5ed739-1e50-4db1-b95b-037198dd093c,Alexanderborough,254cbb80-f015-4ed1-a8be-8214d235b9c6,66
82,b7d22008-1a17-452d-a360-de5bbdbd773f,New Lori,3609349f-a93d-4140-8d2f-0541e88ebd17,Hunterborough,2643a1ce-14b0-4a28-956a-2b01a64aee1e,29
83,b7d22008-1a17-452d-a360-de5bbdbd773f,Fitzgeraldstad,3b10c7ee-db34-47eb-be5d-a135b40f7604,South Brian,b260e927-e727-4dcf-a193-beccee7231e7,14
84,b7d22008-1a17-452d-a360-de5bbdbd773f,Jefferyton,c2cf3ae0-bee5-4ee2-9f1d-8eb7ff3bc010,Nicoleburgh,109f44ea-f770-4a04-b898-1e51d0db032f,56
85,b7d22008-1a17-452d-a360-de5bbdbd773f,West Juan,4f2272a5-5a9a-4c35-b9cd-3d4b3b05d9dd,Lake Kirk,569952a5-1c0f-400c-81a7-023de0502f1c,23
86,b7d22008-1a17-452d-a360-de5bbdbd773f,South Tracy,bf0c07c2-0415-439a-8b78-f4bf07843b9d,Lake Katrina,bf0c07c2-0415-439a-8b78-f4bf07843b9d,17
87,b7d22008-1a17-452d-a360-de5bbdbd773f,Wardborough,bdb1205e-bd86-4001-9908-603788c3deee,Donnatown,eb9c5ee5-dabe-4bf1-bd76-c95339fad5ed,25
88,b7d22008-1a17-452d-a360-de5bbdbd773f,Robertside,8eb42547-f8d7-44d1-9aef-373cf8a6345f,Port Robert,9b90a929-fef1-401b-a459-cd17f268ab15,41
89,b7d22008-1a17-452d-a360-de5bbdbd773f,Wilkinshaven,b260e927-e727-4dcf-a193-beccee7231e7,Heidibury,cd8518b1-b35a-4ed4-9c9f-c5429f48a435,87
90,b7d22008-1a17-452d-a360-de5bbdbd773f,Robinsonville,ebdd3e4e-4062-40a1-8ed7-0c65f36d10de,North Kaylahaven,2182b9c3-c09e-45ef-9ec5-07b6fc4c8ffc,65
91,b7d22008-1a17-452d-a360-de5bbdbd773f,Lake Mitchellton,77f31660-4db8-4f2d-b098-d302e86959bb,Lake Craig,c51c5a3e-58bc-4207-abb9-c031375778f0,26
92,b7d22008-1a17-452d-a360-de5bbdbd773f,Lake Calebstad,8eb42547-f8d7-44d1-9aef-373cf8a6345f,East Davidside,4f2272a5-5a9a-4c35-b9cd-3d4b3b05d9dd,84
93,b7d22008-1a17-452d-a360-de5bbdbd773f,Greenbury,695a0b06-9c8d-4ac6-bbbc-b1820a92692a,South Jared,65ac0da1-53dc-4cea-90ce-94e29c7b7d05,35
94,b7d22008-1a17-452d-a360-de5bbdbd773f,Boonestad,5f1c43f6-4852-4251-b82a-1c3348886d27,North Scott,0a63bc06-e36d-482b-b136-0f4c761629d2,67
95,b7d22008-1a17-452d-a360-de5bbdbd773f,Port David,9b90a929-fef1-401b-a459-cd17f268ab15,Williamsonberg,59205dfa-25eb-43a6-a607-085a1f399f55,93
96,b7d22008-1a17-452d-a360-de5bbdbd773f,Jasonberg,e49f74aa-d621-47e1-8d3d-6e2e4c0c801e,Gilberttown,887a835d-61aa-4a71-a5f9-36aba81c9a4a,34
97,b7d22008-1a17-452d-a360-de5bbdbd773f,North Joseph,2fc0f3d2-f5c0-47bc-a24f-9fc2741b6464,Wendyberg,569952a5-1c0f-400c-81a7-023de0502f1c,37
98,b7d22008-1a17-452d-a360-de5bbdbd773f,Davisfurt,f3659034-d084-4579-8924-23443d6f7467,Millerland,95d39eb3-ae12-42a4-92d7-4cf753c35dce,56
99,b7d22008-1a17-452d-a360-de5bbdbd773f,Port Jessica,b39a610b-9ec9-4888-94ef-cb6f116b0b0a,Ryanstad,59882b2e-6776-4969-af57-7189ee09e1cd,26
100,b7d22008-1a17-452d-a360-de5bbdbd773f,Johnport,57eaa7d0-cc35-492a-baa9-89ec01fb9677,Austinport,2fc8de7f-fb5a-4b7c-b607-37803992a2da,74
101,b7d22008-1a17-452d-a360-de5bbdbd773f,West Rodneychester,d241a744-4f37-4c2e-9650-b8addc846fdd,Port Davidtown,b39a610b-9ec9-4888-94ef-cb6f116b0b0a,21
102,b7d22008-1a17-452d-a360-de5bbdbd773f,Derrickville,7457058f-e981-4ced-9d27-c060d6601265,Christineland,de028a83-14ce-4fc1-bedc-69cb6e4b8322,63
103,267ebd23-564b-4f95-a62a-f0c69c642f72,South Ericshire,65ac0da1-53dc-4cea-90ce-94e29c7b7d05,Courtneyport,8cc559df-eab3-4749-a5a3-5304f256f13f,25
104,267ebd23-564b-4f95-a62a-f0c69c642f72,Sullivanmouth,9b90a929-fef1-401b-a459-cd17f268ab15,Hudsonstad,887a835d-61aa-4a71-a5f9-36aba81c9a4a,56
105,267ebd23-564b-4f95-a62a-f0c69c642f72,Laurenborough,cc70a37f-0213-4957-aac3-b3ff85c6b49b,Michaelberg,8d3a75c0-f1c8-41d7-8043-d80d78ede04a,25
106,267ebd23-564b-4f95-a62a-f0c69c642f72,Molinahaven,c51c5a3e-58bc-4207-abb9-c031375778f0,North Julieville,c51c5a3e-58bc-4207-abb9-c031375778f0,23
107,267ebd23-564b-4f95-a62a-f0c69c642f72,West Kristen,f3659034-d084-4579-8924-23443d6f7467,Hillmouth,6b6899e6-424d-4e2f-9ca1-4dd5e414d4f4,11
108,267ebd23-564b-4f95-a62a-f0c69c642f72,West Brianshire,ebdd3e4e-4062-40a1-8ed7-0c65f36d10de,Lake Jackietown,077ec14b-2ff8-4bb2-a4d8-dc23c737355d,38
109,267ebd23-564b-4f95-a62a-f0c69c642f72,Lake Brian,be5ed739-1e50-4db1-b95b-037198dd093c,Haileyhaven,68df335d-da54-4ea9-803d-be44fff6571f,25
110,267ebd23-564b-4f95-a62a-f0c69c642f72,East Tracyport,81c30d0d-50f5-48c4-a719-0b5037da8750,East Michaelport,de028a83-14ce-4fc1-bedc-69cb6e4b8322,45
111,267ebd23-564b-4f95-a62a-f0c69c642f72,Evansburgh,254cbb80-f015-4ed1-a8be-8214d235b9c6,North Lesliefurt,4cb3eea3-5b86-46b5-a891-423914e7bdd6,77
112,267ebd23-564b-4f95-a62a-f0c69c642f72,West Meghanshire,b260e927-e727-4dcf-a193-beccee7231e7,Willieshire,b7907529-bad9-42e1-9529-d2e77a79313a,16
113,267ebd23-564b-4f95-a62a-f0c69c642f72,West Ashleybury,b24105e1-f4a4-4fea-a6f7-dd0bd6a17360,Rachaelmouth,2fc8de7f-fb5a-4b7c-b607-37803992a2da,45
114,267ebd23-564b-4f95-a62a-f0c69c642f72,East Hannahton,accc4dc5-becb-4ceb-a1d7-15d10cc7966f,Lake Jamie,695a0b06-9c8d-4ac6-bbbc-b1820a92692a,16
115,267ebd23-564b-4f95-a62a-f0c69c642f72,Port Stephaniestad,90eff5da-0535-426b-bbe0-08b34922eddf,New Nicolemouth,dcdde224-3c79-4ce3-b9c1-1b5f8c8fb537,78
116,267ebd23-564b-4f95-a62a-f0c69c642f72,Melissastad,dcdde224-3c79-4ce3-b9c1-1b5f8c8fb537,New Jessicaside,484e27c2-f7f3-4e24-b65e-42584ab00d69,53
117,267ebd23-564b-4f95-a62a-f0c69c642f72,Sandrahaven,68df335d-da54-4ea9-803d-be44fff6571f,North Jeffreyton,5c64e90c-17ec-4c98-9cdf-06d7b9e5f8b3,88
118,267ebd23-564b-4f95-a62a-f0c69c642f72,Blanchardchester,5f1c43f6-4852-4251-b82a-1c3348886d27,Armstrongland,ba62a0b1-cfad-4a4f-8f04-eb84980c5f45,48
119,267ebd23-564b-4f95-a62a-f0c69c642f72,East Marcustown,5c64e90c-17ec-4c98-9cdf-06d7b9e5f8b3,Port Amberstad,3609349f-a93d-4140-8d2f-0541e88ebd17,31
120,267ebd23-564b-4f95-a62a-f0c69c642f72,Robertsburgh,887a835d-61aa-4a71-a5f9-36aba81c9a4a,Escobarfurt,3609349f-a93d-4140-8d2f-0541e88ebd17,99
121,267ebd23-564b-4f95-a62a-f0c69c642f72,Justinville,7c7b2573-7097-4e71-98b5-ecaf05b0a2a3,Nicholasside,1da6ad85-4ddb-4607-a794-0ec6d88a4c4b,67
122,267ebd23-564b-4f95-a62a-f0c69c642f72,Lake Williamland,254cbb80-f015-4ed1-a8be-8214d235b9c6,West Nicolestad,ccf128a6-442c-4b79-9c53-acdaf4606d95,19
123,267ebd23-564b-4f95-a62a-f0c69c642f72,North Jennifermouth,5f1c43f6-4852-4251-b82a-1c3348886d27,New Lisa,b19f0179-6544-4794-af33-38ae3e01cbdd,94
124,267ebd23-564b-4f95-a62a-f0c69c642f72,Destinymouth,4ebd4e28-f93e-4c62-b5ca-deadd7afac96,Port Johnchester,2fc0f3d2-f5c0-47bc-a24f-9fc2741b6464,59
125,267ebd23-564b-4f95-a62a-f0c69c642f72,New Amandaland,81c30d0d-50f5-48c4-a719-0b5037da8750,Evansshire,57eaa7d0-cc35-492a-baa9-89ec01fb9677,20
126,267ebd23-564b-4f95-a62a-f0c69c642f72,Flowersside,4f2272a5-5a9a-4c35-b9cd-3d4b3b05d9dd,North Zacharyberg,2182b9c3-c09e-45ef-9ec5-07b6fc4c8ffc,63
127,267ebd23-564b-4f95-a62a-f0c69c642f72,New Davidside,2643a1ce-14b0-4a28-956a-2b01a64aee1e,North Donaldmouth,bfca6066-da44-4efd-86f0-36e2fb7e946e,89
128,267ebd23-564b-4f95-a62a-f0c69c642f72,Zacharychester,877ae7e4-89d6-40ef-b859-e1a425508582,Jeremyburgh,8d3a75c0-f1c8-41d7-8043-d80d78ede04a,87
129,267ebd23-564b-4f95-a62a-f0c69c642f72,New Katieberg,0416c58d-9c10-46d3-b895-cd680b79bde7,Cowanton,a4aab68a-a690-4c3c-9d18-df963cd9058c,22
130,267ebd23-564b-4f95-a62a-f0c69c642f72,Whitneyview,8d55b2f2-ee56-4f8d-8142-31295f34aa0a,North Matthew,c51c5a3e-58bc-4207-abb9-c031375778f0,69
131,267ebd23-564b-4f95-a62a-f0c69c642f72,East Jeremyshire,8d3a75c0-f1c8-41d7-8043-d80d78ede04a,South Gregory,b5cdc066-f507-4fcb-ac60-c59d4ca48574,100
132,267ebd23-564b-4f95-a62a-f0c69c642f72,South Theresaport,497c448d-6b70-4c7d-a8ec-eecb26304775,Lake Kelseystad,c2cf3ae0-bee5-4ee2-9f1d-8eb7ff3bc010,50
133,267ebd23-564b-4f95-a62a-f0c69c642f72,North Charles,5f1c43f6-4852-4251-b82a-1c3348886d27,Craigton,109f44ea-f770-4a04-b898-1e51d0db032f,40
134,267ebd23-564b-4f95-a62a-f0c69c642f72,Jillhaven,8d55b2f2-ee56-4f8d-8142-31295f34aa0a,Port Robertmouth,74e25eea-6f32-45b8-ac4d-e7830fa3b218,83
135,267ebd23-564b-4f95-a62a-f0c69c642f72,Jonathanmouth,77f31660-4db8-4f2d-b098-d302e86959bb,Larryland,1da6ad85-4ddb-4607-a794-0ec6d88a4c4b,36
136,267ebd23-564b-4f95-a62a-f0c69c642f72,West Theresa,569952a5-1c0f-400c-81a7-023de0502f1c,Sharonburgh,95d39eb3-ae12-42a4-92d7-4cf753c35dce,10
137,267ebd23-564b-4f95-a62a-f0c69c642f72,Lake Theresa,0a63bc06-e36d-482b-b136-0f4c761629d2,North Pamela,bd1b515f-8657-4b6f-940a-e388c4715086,13
138,267ebd23-564b-4f95-a62a-f0c69c642f72,Mccannberg,4ebd4e28-f93e-4c62-b5ca-deadd7afac96,West Calvin,4fd96e27-5eb1-49ad-a162-dfc6add224a8,49
139,267ebd23-564b-4f95-a62a-f0c69c642f72,Phillipmouth,eb9c5ee5-dabe-4bf1-bd76-c95339fad5ed,Ryanside,887a835d-61aa-4a71-a5f9-36aba81c9a4a,55
140,267ebd23-564b-4f95-a62a-f0c69c642f72,West Michele,accc4dc5-becb-4ceb-a1d7-15d10cc7966f,Clarkside,8eb42547-f8d7-44d1-9aef-373cf8a6345f,53
141,267ebd23-564b-4f95-a62a-f0c69c642f72,North Heatherchester,569952a5-1c0f-400c-81a7-023de0502f1c,East Ryanshire,8d55b2f2-ee56-4f8d-8142-31295f34aa0a,93
142,267ebd23-564b-4f95-a62a-f0c69c642f72,Lake John,4cb3eea3-5b86-46b5-a891-423914e7bdd6,New Jenniferburgh,0416c58d-9c10-46d3-b895-cd680b79bde7,34
143,267ebd23-564b-4f95-a62a-f0c69c642f72,Kylemouth,484e27c2-f7f3-4e24-b65e-42584ab00d69,North Johnshire,65ac0da1-53dc-4cea-90ce-94e29c7b7d05,84
144,267ebd23-564b-4f95-a62a-f0c69c642f72,West Peterview,ebdd3e4e-4062-40a1-8ed7-0c65f36d10de,Lake Candiceview,de028a83-14ce-4fc1-bedc-69cb6e4b8322,54
145,267ebd23-564b-4f95-a62a-f0c69c642f72,Port Steveborough,1da6ad85-4ddb-4607-a794-0ec6d88a4c4b,West Stephanie,c51c5a3e-58bc-4207-abb9-c031375778f0,53
146,267ebd23-564b-4f95-a62a-f0c69c642f72,New Walter,57eaa7d0-cc35-492a-baa9-89ec01fb9677,Greeneshire,3b10c7ee-db34-47eb-be5d-a135b40f7604,63
147,267ebd23-564b-4f95-a62a-f0c69c642f72,Ryanmouth,b19f0179-6544-4794-af33-38ae3e01cbdd,Lauraborough,b5cdc066-f507-4fcb-ac60-c59d4ca48574,49
148,267ebd23-564b-4f95-a62a-f0c69c642f72,Alexisberg,c649bf7c-b8b6-464c-8666-e04c97cfdb79,North Jesus,59882b2e-6776-4969-af57-7189ee09e1cd,92
149,267ebd23-564b-4f95-a62a-f0c69c642f72,Montgomerymouth,b5cdc066-f507-4fcb-ac60-c59d4ca48574,Priceborough,68df335d-da54-4ea9-803d-be44fff6571f,47
150,267ebd23-564b-4f95-a62a-f0c69c642f72,Changstad,56d46ee6-cce8-476a-bf0e-9ed1aa87e3b9,Schneiderstad,695a0b06-9c8d-4ac6-bbbc-b1820a92692a,19
151,267ebd23-564b-4f95-a62a-f0c69c642f72,Dominguezburgh,6b6899e6-424d-4e2f-9ca1-4dd5e414d4f4,West Brianton,ebdd3e4e-4062-40a1-8ed7-0c65f36d10de,24
152,267ebd23-564b-4f95-a62a-f0c69c642f72,Simontown,def5b242-48e9-4f21-9359-24600246d9c5,East Catherine,9b90a929-fef1-401b-a459-cd17f268ab15,76
153,267ebd23-564b-4f95-a62a-f0c69c642f72,Port Danielmouth,cd8518b1-b35a-4ed4-9c9f-c5429f48a435,Port John,81c30d0d-50f5-48c4-a719-0b5037da8750,54
154,267ebd23-564b-4f95-a62a-f0c69c642f72,Morseburgh,5c64e90c-17ec-4c98-9cdf-06d7b9e5f8b3,Osbornport,dcdde224-3c79-4ce3-b9c1-1b5f8c8fb537,16
155,267ebd23-564b-4f95-a62a-f0c69c642f72,Josephshire,bc23ffca-e742-4f6e-ad53-8f260a389a41,Andreaton,59531cf3-2757-44fc-b5c7-927316132afa,94
156,267ebd23-564b-4f95-a62a-f0c69c642f72,West Jonathan,74e25eea-6f32-45b8-ac4d-e7830fa3b218,North Michaelfort,def5b242-48e9-4f21-9359-24600246d9c5,98
157,267ebd23-564b-4f95-a62a-f0c69c642f72,West Patricia,b260e927-e727-4dcf-a193-beccee7231e7,New Stevenchester,2fc0f3d2-f5c0-47bc-a24f-9fc2741b6464,63
158,267ebd23-564b-4f95-a62a-f0c69c642f72,Lake Vicki,5f1c43f6-4852-4251-b82a-1c3348886d27,Popeview,4f2272a5-5a9a-4c35-b9cd-3d4b3b05d9dd,82
159,267ebd23-564b-4f95-a62a-f0c69c642f72,North Jamie,bd1b515f-8657-4b6f-940a-e388c4715086,East Jessica,8b7e1249-d545-4c7c-b8f1-5d12478349b4,23
160,267ebd23-564b-4f95-a62a-f0c69c642f72,Lake Kelseymouth,7c7b2573-7097-4e71-98b5-ecaf05b0a2a3,Churchtown,bdb1205e-bd86-4001-9908-603788c3deee,90
161,267ebd23-564b-4f95-a62a-f0c69c642f72,South Lori,ccf128a6-442c-4b79-9c53-acdaf4606d95,North Kristin,b24105e1-f4a4-4fea-a6f7-dd0bd6a17360,59
162,267ebd23-564b-4f95-a62a-f0c69c642f72,Port Rebecca,4f2272a5-5a9a-4c35-b9cd-3d4b3b05d9dd,Darrellport,5b12d77e-ad0e-4257-a5d8-bd16f4a762de,36
163,267ebd23-564b-4f95-a62a-f0c69c642f72,New Clairestad,2182b9c3-c09e-45ef-9ec5-07b6fc4c8ffc,Sosashire,727a80e5-68bd-472d-85ce-765f8d122ce9,58
164,267ebd23-564b-4f95-a62a-f0c69c642f72,Ellisside,bdb1205e-bd86-4001-9908-603788c3deee,Port Richard,ac2ce4e3-65ac-4c6a-acf7-960102d13dfc,17
165,267ebd23-564b-4f95-a62a-f0c69c642f72,New William,8d3a75c0-f1c8-41d7-8043-d80d78ede04a,Leonardchester,2fc8de7f-fb5a-4b7c-b607-37803992a2da,30
166,267ebd23-564b-4f95-a62a-f0c69c642f72,Grahamstad,ba62a0b1-cfad-4a4f-8f04-eb84980c5f45,Andersonmouth,8eb42547-f8d7-44d1-9aef-373cf8a6345f,43
167,267ebd23-564b-4f95-a62a-f0c69c642f72,Robynstad,cc70a37f-0213-4957-aac3-b3ff85c6b49b,Lake Zachary,12bafa44-79bc-4b96-a042-6ce1d2d20a00,47
168,267ebd23-564b-4f95-a62a-f0c69c642f72,Michellemouth,bdb1205e-bd86-4001-9908-603788c3deee,West Danielleland,eb9c5ee5-dabe-4bf1-bd76-c95339fad5ed,53
169,267ebd23-564b-4f95-a62a-f0c69c642f72,Amandaburgh,b260e927-e727-4dcf-a193-beccee7231e7,Bowentown,2072c6e0-ba3d-4a83-8948-f69c5a6ca5a4,54
170,267ebd23-564b-4f95-a62a-f0c69c642f72,Beniteztown,bfca6066-da44-4efd-86f0-36e2fb7e946e,Allenburgh,2fc0f3d2-f5c0-47bc-a24f-9fc2741b6464,37
171,267ebd23-564b-4f95-a62a-f0c69c642f72,Sethchester,68df335d-da54-4ea9-803d-be44fff6571f,Ravenmouth,b260e927-e727-4dcf-a193-beccee7231e7,13
172,267ebd23-564b-4f95-a62a-f0c69c642f72,New Teresaville,877ae7e4-89d6-40ef-b859-e1a425508582,Deniseberg,4f2272a5-5a9a-4c35-b9cd-3d4b3b05d9dd,22
173,267ebd23-564b-4f95-a62a-f0c69c642f72,Lake Tracybury,c2cf3ae0-bee5-4ee2-9f1d-8eb7ff3bc010,Crossland,254cbb80-f015-4ed1-a8be-8214d235b9c6,54
174,267ebd23-564b-4f95-a62a-f0c69c642f72,Weissview,cc70a37f-0213-4957-aac3-b3ff85c6b49b,New Megan,877ae7e4-89d6-40ef-b859-e1a425508582,10
175,267ebd23-564b-4f95-a62a-f0c69c642f72,Port Mariaview,59205dfa-25eb-43a6-a607-085a1f399f55,North Daniel,2072c6e0-ba3d-4a83-8948-f69c5a6ca5a4,74
176,267ebd23-564b-4f95-a62a-f0c69c642f72,Marilynhaven,56d46ee6-cce8-476a-bf0e-9ed1aa87e3b9,Nortonhaven,991b7ffb-259d-4af0-b5bc-3ed4d3e2c509,95
177,267ebd23-564b-4f95-a62a-f0c69c642f72,Anthonyville,de028a83-14ce-4fc1-bedc-69cb6e4b8322,Port Devin,887a835d-61aa-4a71-a5f9-36aba81c9a4a,76
178,267ebd23-564b-4f95-a62a-f0c69c642f72,Julieborough,5c64e90c-17ec-4c98-9cdf-06d7b9e5f8b3,New Keithfort,8eb42547-f8d7-44d1-9aef-373cf8a6345f,99
179,267ebd23-564b-4f95-a62a-f0c69c642f72,East Devonside,cd8518b1-b35a-4ed4-9c9f-c5429f48a435,Diazhaven,d241a744-4f37-4c2e-9650-b8addc846fdd,41
180,267ebd23-564b-4f95-a62a-f0c69c642f72,South Lauraside,ccf128a6-442c-4b79-9c53-acdaf4606d95,Jacksonmouth,def5b242-48e9-4f21-9359-24600246d9c5,65
181,267ebd23-564b-4f95-a62a-f0c69c642f72,East Angelhaven,ac2ce4e3-65ac-4c6a-acf7-960102d13dfc,Kimberlyview,497c448d-6b70-4c7d-a8ec-eecb26304775,73
182,267ebd23-564b-4f95-a62a-f0c69c642f72,Joefort,3609349f-a93d-4140-8d2f-0541e88ebd17,Grantside,de028a83-14ce-4fc1-bedc-69cb6e4b8322,14
183,267ebd23-564b-4f95-a62a-f0c69c642f72,West Regina,bdb1205e-bd86-4001-9908-603788c3deee,Christopherville,df73f72e-0023-4526-be29-bb261f06cc1e,70
184,267ebd23-564b-4f95-a62a-f0c69c642f72,Kristenside,b39a610b-9ec9-4888-94ef-cb6f116b0b0a,South Kayla,33fd3cb3-335b-4169-b2cd-da0040aee262,27
185,267ebd23-564b-4f95-a62a-f0c69c642f72,Johnnyfort,be5ed739-1e50-4db1-b95b-037198dd093c,Port Tonyburgh,070b6796-3802-40f0-90a3-7af2d03eb49f,45
186,267ebd23-564b-4f95-a62a-f0c69c642f72,Derekburgh,2643a1ce-14b0-4a28-956a-2b01a64aee1e,West Gregory,3b10c7ee-db34-47eb-be5d-a135b40f7604,96
187,267ebd23-564b-4f95-a62a-f0c69c642f72,North Allisonport,3609349f-a93d-4140-8d2f-0541e88ebd17,Laurieborough,a10263df-8474-4ad8-bad8-40699183f04e,80
188,267ebd23-564b-4f95-a62a-f0c69c642f72,New Alyssafurt,df73f72e-0023-4526-be29-bb261f06cc1e,South Megan,2182b9c3-c09e-45ef-9ec5-07b6fc4c8ffc,45
189,267ebd23-564b-4f95-a62a-f0c69c642f72,Smithburgh,1da6ad85-4ddb-4607-a794-0ec6d88a4c4b,Kramerside,b5cdc066-f507-4fcb-ac60-c59d4ca48574,17
190,267ebd23-564b-4f95-a62a-f0c69c642f72,Port Mandytown,4ebd4e28-f93e-4c62-b5ca-deadd7afac96,South Andrew,c51c5a3e-58bc-4207-abb9-c031375778f0,41
191,267ebd23-564b-4f95-a62a-f0c69c642f72,Johnsonhaven,db8937bc-5f3b-4d14-98fd-31e0576b5104,New Christian,077ec14b-2ff8-4bb2-a4d8-dc23c737355d,22
192,267ebd23-564b-4f95-a62a-f0c69c642f72,North Tyler,569952a5-1c0f-400c-81a7-023de0502f1c,South Mary,c649bf7c-b8b6-464c-8666-e04c97cfdb79,11
193,267ebd23-564b-4f95-a62a-f0c69c642f72,Crystalbury,33fd3cb3-335b-4169-b2cd-da0040aee262,New Scottshire,56d46ee6-cce8-476a-bf0e-9ed1aa87e3b9,90
194,267ebd23-564b-4f95-a62a-f0c69c642f72,West Kathryn,6b6899e6-424d-4e2f-9ca1-4dd5e414d4f4,West Jeremyhaven,729f7efd-3521-4731-b1b5-0b3c34f2b734,87
195,267ebd23-564b-4f95-a62a-f0c69c642f72,East Kathleenview,8d3a75c0-f1c8-41d7-8043-d80d78ede04a,Maryside,729f7efd-3521-4731-b1b5-0b3c34f2b734,65
196,267ebd23-564b-4f95-a62a-f0c69c642f72,Seanport,bdb1205e-bd86-4001-9908-603788c3deee,Bellside,8d3a75c0-f1c8-41d7-8043-d80d78ede04a,80
197,267ebd23-564b-4f95-a62a-f0c69c642f72,Brownborough,1da6ad85-4ddb-4607-a794-0ec6d88a4c4b,North Laurie,a4aab68a-a690-4c3c-9d18-df963cd9058c,93
198,267ebd23-564b-4f95-a62a-f0c69c642f72,Turnerhaven,7c7b2573-7097-4e71-98b5-ecaf05b0a2a3,Travistown,a10263df-8474-4ad8-bad8-40699183f04e,73
199,267ebd23-564b-4f95-a62a-f0c69c642f72,Lake John,81c30d0d-50f5-48c4-a719-0b5037da8750,Port Wyatt,be5ed739-1e50-4db1-b95b-037198dd093c,76
200,267ebd23-564b-4f95-a62a-f0c69c642f72,West Dennis,4f2272a5-5a9a-4c35-b9cd-3d4b3b05d9dd,West Stevenstad,90eff5da-0535-426b-bbe0-08b34922eddf,36
201,267ebd23-564b-4f95-a62a-f0c69c642f72,Tranborough,c649bf7c-b8b6-464c-8666-e04c97cfdb79,North Michellehaven,3609349f-a93d-4140-8d2f-0541e88ebd17,29
202,267ebd23-564b-4f95-a62a-f0c69c642f72,North Georgeton,729f7efd-3521-4731-b1b5-0b3c34f2b734,East Christina,109f44ea-f770-4a04-b898-1e51d0db032f,98
203,02bcc3cc-2c05-4597-9be4-7771489960d1,Kimberlyshire,143a9559-d19d-40f4-a563-9a58edf047ff,West Lauren,4fd96e27-5eb1-49ad-a162-dfc6add224a8,22
204,02bcc3cc-2c05-4597-9be4-7771489960d1,New Alexanderborough,8d3a75c0-f1c8-41d7-8043-d80d78ede04a,Lake Amanda,4ebd4e28-f93e-4c62-b5ca-deadd7afac96,93
205,02bcc3cc-2c05-4597-9be4-7771489960d1,Adamston,81c30d0d-50f5-48c4-a719-0b5037da8750,Rebeccaport,8b7e1249-d545-4c7c-b8f1-5d12478349b4,40
206,02bcc3cc-2c05-4597-9be4-7771489960d1,Kathyhaven,109f44ea-f770-4a04-b898-1e51d0db032f,New Dawnport,74e25eea-6f32-45b8-ac4d-e7830fa3b218,53
207,02bcc3cc-2c05-4597-9be4-7771489960d1,Lake Michellehaven,7457058f-e981-4ced-9d27-c060d6601265,West Veronicaport,eb9c5ee5-dabe-4bf1-bd76-c95339fad5ed,81
208,02bcc3cc-2c05-4597-9be4-7771489960d1,New Ellenfurt,484e27c2-f7f3-4e24-b65e-42584ab00d69,Jessicastad,59531cf3-2757-44fc-b5c7-927316132afa,38
209,02bcc3cc-2c05-4597-9be4-7771489960d1,South Heatherburgh,15404ccd-0532-475d-8c04-4517db13a800,Grayhaven,74e25eea-6f32-45b8-ac4d-e7830fa3b218,73
210,02bcc3cc-2c05-4597-9be4-7771489960d1,Frankfort,143a9559-d19d-40f4-a563-9a58edf047ff,Fryeborough,f3659034-d084-4579-8924-23443d6f7467,61
211,02bcc3cc-2c05-4597-9be4-7771489960d1,West Erin,7ad2df13-88b5-41d7-af75-989968191c2d,Garciatown,7457058f-e981-4ced-9d27-c060d6601265,98
212,02bcc3cc-2c05-4597-9be4-7771489960d1,South Brianland,ac2ce4e3-65ac-4c6a-acf7-960102d13dfc,Samanthashire,109f44ea-f770-4a04-b898-1e51d0db032f,30
213,02bcc3cc-2c05-4597-9be4-7771489960d1,East Paulstad,4ebd4e28-f93e-4c62-b5ca-deadd7afac96,Cunninghamtown,7ad2df13-88b5-41d7-af75-989968191c2d,70
214,02bcc3cc-2c05-4597-9be4-7771489960d1,Lake Vanessachester,8d3a75c0-f1c8-41d7-8043-d80d78ede04a,Stantonfort,e258af62-e87c-4d68-9ce4-66065d182b98,15
215,02bcc3cc-2c05-4597-9be4-7771489960d1,Tranbury,a10263df-8474-4ad8-bad8-40699183f04e,Perezshire,b5cdc066-f507-4fcb-ac60-c59d4ca48574,97
216,02bcc3cc-2c05-4597-9be4-7771489960d1,Port Mariamouth,991b7ffb-259d-4af0-b5bc-3ed4d3e2c509,Fletcherstad,2182b9c3-c09e-45ef-9ec5-07b6fc4c8ffc,26
217,02bcc3cc-2c05-4597-9be4-7771489960d1,North Cathy,bf0c07c2-0415-439a-8b78-f4bf07843b9d,Fitzgeraldberg,077ec14b-2ff8-4bb2-a4d8-dc23c737355d,59
218,02bcc3cc-2c05-4597-9be4-7771489960d1,East Markmouth,8d55b2f2-ee56-4f8d-8142-31295f34aa0a,Lake Clairehaven,a4aab68a-a690-4c3c-9d18-df963cd9058c,96
219,02bcc3cc-2c05-4597-9be4-7771489960d1,East Connieburgh,5f1c43f6-4852-4251-b82a-1c3348886d27,East Kimberlyburgh,8b7e1249-d545-4c7c-b8f1-5d12478349b4,11
220,02bcc3cc-2c05-4597-9be4-7771489960d1,Johnshire,def5b242-48e9-4f21-9359-24600246d9c5,Johnsonland,bdb1205e-bd86-4001-9908-603788c3deee,100
221,02bcc3cc-2c05-4597-9be4-7771489960d1,Port Kristieberg,2072c6e0-ba3d-4a83-8948-f69c5a6ca5a4,Melissatown,109f44ea-f770-4a04-b898-1e51d0db032f,71
222,02bcc3cc-2c05-4597-9be4-7771489960d1,South Matthewfurt,57eaa7d0-cc35-492a-baa9-89ec01fb9677,New Jamestown,59205dfa-25eb-43a6-a607-085a1f399f55,83
223,02bcc3cc-2c05-4597-9be4-7771489960d1,Richardsonhaven,81c30d0d-50f5-48c4-a719-0b5037da8750,Holderchester,74e25eea-6f32-45b8-ac4d-e7830fa3b218,44
224,02bcc3cc-2c05-4597-9be4-7771489960d1,East Robert,57eaa7d0-cc35-492a-baa9-89ec01fb9677,West Brendachester,a358dcd5-452c-4270-814b-a303237f5cd9,58
225,02bcc3cc-2c05-4597-9be4-7771489960d1,North Nathanland,77f31660-4db8-4f2d-b098-d302e86959bb,South Katherine,74e25eea-6f32-45b8-ac4d-e7830fa3b218,74
226,02bcc3cc-2c05-4597-9be4-7771489960d1,Huertaview,424f58d5-8014-4e76-b80d-44f32fe56d56,Tammychester,8d55b2f2-ee56-4f8d-8142-31295f34aa0a,85
227,02bcc3cc-2c05-4597-9be4-7771489960d1,Hernandezberg,57eaa7d0-cc35-492a-baa9-89ec01fb9677,East Janetchester,57eaa7d0-cc35-492a-baa9-89ec01fb9677,29
228,02bcc3cc-2c05-4597-9be4-7771489960d1,Port Dawn,7c7b2573-7097-4e71-98b5-ecaf05b0a2a3,West Donald,12bafa44-79bc-4b96-a042-6ce1d2d20a00,18
229,02bcc3cc-2c05-4597-9be4-7771489960d1,Lake Joshua,5a298034-abc9-4eca-b799-bdd853c8d419,Wheelermouth,c51c5a3e-58bc-4207-abb9-c031375778f0,49
230,02bcc3cc-2c05-4597-9be4-7771489960d1,Barberview,bf0c07c2-0415-439a-8b78-f4bf07843b9d,Lake Lisachester,74e25eea-6f32-45b8-ac4d-e7830fa3b218,32
231,02bcc3cc-2c05-4597-9be4-7771489960d1,Port Allison,3b10c7ee-db34-47eb-be5d-a135b40f7604,North Austin,e49f74aa-d621-47e1-8d3d-6e2e4c0c801e,49
232,02bcc3cc-2c05-4597-9be4-7771489960d1,Simsburgh,5b12d77e-ad0e-4257-a5d8-bd16f4a762de,Nelsonhaven,4f2272a5-5a9a-4c35-b9cd-3d4b3b05d9dd,74
233,02bcc3cc-2c05-4597-9be4-7771489960d1,East Cynthiaton,2643a1ce-14b0-4a28-956a-2b01a64aee1e,West Waltermouth,9b90a929-fef1-401b-a459-cd17f268ab15,97
234,02bcc3cc-2c05-4597-9be4-7771489960d1,Stevenfort,95d39eb3-ae12-42a4-92d7-4cf753c35dce,Lake Debraton,a10263df-8474-4ad8-bad8-40699183f04e,16
235,02bcc3cc-2c05-4597-9be4-7771489960d1,Wilsonhaven,cc70a37f-0213-4957-aac3-b3ff85c6b49b,Myerstown,65ed9ece-3345-4101-a978-cb1fefc15fef,92
236,02bcc3cc-2c05-4597-9be4-7771489960d1,South Danielleport,729f7efd-3521-4731-b1b5-0b3c34f2b734,Wilsontown,2fc0f3d2-f5c0-47bc-a24f-9fc2741b6464,68
237,02bcc3cc-2c05-4597-9be4-7771489960d1,Spencemouth,0416c58d-9c10-46d3-b895-cd680b79bde7,East Aaronland,68df335d-da54-4ea9-803d-be44fff6571f,64
238,02bcc3cc-2c05-4597-9be4-7771489960d1,North Mary,ccf128a6-442c-4b79-9c53-acdaf4606d95,Francoborough,ccf128a6-442c-4b79-9c53-acdaf4606d95,33
239,02bcc3cc-2c05-4597-9be4-7771489960d1,Williamborough,887a835d-61aa-4a71-a5f9-36aba81c9a4a,Port Kelly,dcdde224-3c79-4ce3-b9c1-1b5f8c8fb537,96
240,02bcc3cc-2c05-4597-9be4-7771489960d1,Sethbury,ccf128a6-442c-4b79-9c53-acdaf4606d95,Torresberg,d38717a3-da78-4285-8269-7ad881a4bafe,31
241,02bcc3cc-2c05-4597-9be4-7771489960d1,Millerborough,b5cdc066-f507-4fcb-ac60-c59d4ca48574,Archerport,0a63bc06-e36d-482b-b136-0f4c761629d2,89
242,02bcc3cc-2c05-4597-9be4-7771489960d1,Woodborough,33fd3cb3-335b-4169-b2cd-da0040aee262,Griffithburgh,a358dcd5-452c-4270-814b-a303237f5cd9,77
243,02bcc3cc-2c05-4597-9be4-7771489960d1,Lake Yvonne,12bafa44-79bc-4b96-a042-6ce1d2d20a00,Campbellburgh,2072c6e0-ba3d-4a83-8948-f69c5a6ca5a4,33
244,02bcc3cc-2c05-4597-9be4-7771489960d1,East Brooke,a4aab68a-a690-4c3c-9d18-df963cd9058c,Kennethton,65ed12cb-e08b-4750-a185-3beb0b91ac69,79
245,02bcc3cc-2c05-4597-9be4-7771489960d1,Deckerburgh,991b7ffb-259d-4af0-b5bc-3ed4d3e2c509,Quinnstad,877ae7e4-89d6-40ef-b859-e1a425508582,26
246,02bcc3cc-2c05-4597-9be4-7771489960d1,Juliechester,bdb1205e-bd86-4001-9908-603788c3deee,New Joshua,df73f72e-0023-4526-be29-bb261f06cc1e,47
247,02bcc3cc-2c05-4597-9be4-7771489960d1,Stephanieburgh,56d46ee6-cce8-476a-bf0e-9ed1aa87e3b9,North Brian,0416c58d-9c10-46d3-b895-cd680b79bde7,26
248,02bcc3cc-2c05-4597-9be4-7771489960d1,New Meganmouth,5f1c43f6-4852-4251-b82a-1c3348886d27,North Nicoleborough,a358dcd5-452c-4270-814b-a303237f5cd9,16
249,02bcc3cc-2c05-4597-9be4-7771489960d1,West Timothyhaven,b39a610b-9ec9-4888-94ef-cb6f116b0b0a,North Lisamouth,a358dcd5-452c-4270-814b-a303237f5cd9,84
250,02bcc3cc-2c05-4597-9be4-7771489960d1,North Philip,6b6899e6-424d-4e2f-9ca1-4dd5e414d4f4,Campbellfort,cc70a37f-0213-4957-aac3-b3ff85c6b49b,32
251,02bcc3cc-2c05-4597-9be4-7771489960d1,Lewiston,070b6796-3802-40f0-90a3-7af2d03eb49f,Port Crystalton,6b6899e6-424d-4e2f-9ca1-4dd5e414d4f4,97
252,02bcc3cc-2c05-4597-9be4-7771489960d1,Mackview,65ed9ece-3345-4101-a978-cb1fefc15fef,Wellsside,2182b9c3-c09e-45ef-9ec5-07b6fc4c8ffc,98
253,02bcc3cc-2c05-4597-9be4-7771489960d1,East Tammyburgh,cc70a37f-0213-4957-aac3-b3ff85c6b49b,Port Christine,077ec14b-2ff8-4bb2-a4d8-dc23c737355d,47
254,02bcc3cc-2c05-4597-9be4-7771489960d1,East Erinshire,695a0b06-9c8d-4ac6-bbbc-b1820a92692a,West Lori,95d39eb3-ae12-42a4-92d7-4cf753c35dce,91
255,02bcc3cc-2c05-4597-9be4-7771489960d1,Hannahfurt,5f1c43f6-4852-4251-b82a-1c3348886d27,East Brandy,727a80e5-68bd-472d-85ce-765f8d122ce9,68
256,02bcc3cc-2c05-4597-9be4-7771489960d1,Melissaburgh,77f31660-4db8-4f2d-b098-d302e86959bb,Michaelview,be5ed739-1e50-4db1-b95b-037198dd093c,73
257,02bcc3cc-2c05-4597-9be4-7771489960d1,Vanessaborough,bdb1205e-bd86-4001-9908-603788c3deee,South Richard,77f31660-4db8-4f2d-b098-d302e86959bb,18
258,02bcc3cc-2c05-4597-9be4-7771489960d1,Port Edwin,def5b242-48e9-4f21-9359-24600246d9c5,North Kristinview,cd8518b1-b35a-4ed4-9c9f-c5429f48a435,58
259,02bcc3cc-2c05-4597-9be4-7771489960d1,New Shannonview,b260e927-e727-4dcf-a193-beccee7231e7,North Amandashire,8d3a75c0-f1c8-41d7-8043-d80d78ede04a,36
260,02bcc3cc-2c05-4597-9be4-7771489960d1,Port Nicole,66d17362-3c51-4af6-a1d0-cd5b5b78e47f,Hunterfurt,727a80e5-68bd-472d-85ce-765f8d122ce9,87
261,02bcc3cc-2c05-4597-9be4-7771489960d1,Schwartzshire,77f31660-4db8-4f2d-b098-d302e86959bb,Brookeshire,15404ccd-0532-475d-8c04-4517db13a800,40
262,02bcc3cc-2c05-4597-9be4-7771489960d1,Lake Edwardview,bfca6066-da44-4efd-86f0-36e2fb7e946e,Marcoberg,65ed12cb-e08b-4750-a185-3beb0b91ac69,81
263,02bcc3cc-2c05-4597-9be4-7771489960d1,Jamesside,59205dfa-25eb-43a6-a607-085a1f399f55,North Emily,254cbb80-f015-4ed1-a8be-8214d235b9c6,65
264,02bcc3cc-2c05-4597-9be4-7771489960d1,Cortezmouth,5b12d77e-ad0e-4257-a5d8-bd16f4a762de,Port Kimberlystad,0416c58d-9c10-46d3-b895-cd680b79bde7,89
265,02bcc3cc-2c05-4597-9be4-7771489960d1,Lake Kristine,e258af62-e87c-4d68-9ce4-66065d182b98,Port Marthaburgh,2072c6e0-ba3d-4a83-8948-f69c5a6ca5a4,99
266,02bcc3cc-2c05-4597-9be4-7771489960d1,North Juanchester,0a63bc06-e36d-482b-b136-0f4c761629d2,Rodriguezton,7457058f-e981-4ced-9d27-c060d6601265,77
267,02bcc3cc-2c05-4597-9be4-7771489960d1,South Maxwell,5f1c43f6-4852-4251-b82a-1c3348886d27,South Tonyburgh,90eff5da-0535-426b-bbe0-08b34922eddf,39
268,02bcc3cc-2c05-4597-9be4-7771489960d1,Michaelborough,59531cf3-2757-44fc-b5c7-927316132afa,East Amy,77f31660-4db8-4f2d-b098-d302e86959bb,91
269,02bcc3cc-2c05-4597-9be4-7771489960d1,Jonesview,b260e927-e727-4dcf-a193-beccee7231e7,Timothyton,9b90a929-fef1-401b-a459-cd17f268ab15,63
270,02bcc3cc-2c05-4597-9be4-7771489960d1,Robinsonborough,b5cdc066-f507-4fcb-ac60-c59d4ca48574,Smithtown,bc23ffca-e742-4f6e-ad53-8f260a389a41,59
271,02bcc3cc-2c05-4597-9be4-7771489960d1,Matthewhaven,bfca6066-da44-4efd-86f0-36e2fb7e946e,Stevensmouth,7c7b2573-7097-4e71-98b5-ecaf05b0a2a3,20
272,02bcc3cc-2c05-4597-9be4-7771489960d1,Jonesmouth,bdb1205e-bd86-4001-9908-603788c3deee,Brittanymouth,2643a1ce-14b0-4a28-956a-2b01a64aee1e,91
273,02bcc3cc-2c05-4597-9be4-7771489960d1,Vaughnview,be5ed739-1e50-4db1-b95b-037198dd093c,West Shannonton,be5ed739-1e50-4db1-b95b-037198dd093c,38
274,02bcc3cc-2c05-4597-9be4-7771489960d1,New Grantchester,e49f74aa-d621-47e1-8d3d-6e2e4c0c801e,Jasmineside,2182b9c3-c09e-45ef-9ec5-07b6fc4c8ffc,57
275,02bcc3cc-2c05-4597-9be4-7771489960d1,Vazquezmouth,b5cdc066-f507-4fcb-ac60-c59d4ca48574,Nelsonville,4fd96e27-5eb1-49ad-a162-dfc6add224a8,93
276,02bcc3cc-2c05-4597-9be4-7771489960d1,Patriciamouth,6983dc6a-f007-48e5-b08f-214833d19284,New Christian,a10263df-8474-4ad8-bad8-40699183f04e,72
277,02bcc3cc-2c05-4597-9be4-7771489960d1,Stephaniemouth,254cbb80-f015-4ed1-a8be-8214d235b9c6,Vazquezstad,f3659034-d084-4579-8924-23443d6f7467,100
278,02bcc3cc-2c05-4597-9be4-7771489960d1,North Linda,65ac0da1-53dc-4cea-90ce-94e29c7b7d05,South Kristen,7457058f-e981-4ced-9d27-c060d6601265,61
279,02bcc3cc-2c05-4597-9be4-7771489960d1,Greenton,1da6ad85-4ddb-4607-a794-0ec6d88a4c4b,East Dianeton,569952a5-1c0f-400c-81a7-023de0502f1c,65
280,02bcc3cc-2c05-4597-9be4-7771489960d1,South Robertside,f3659034-d084-4579-8924-23443d6f7467,East Donna,59531cf3-2757-44fc-b5c7-927316132afa,83
281,02bcc3cc-2c05-4597-9be4-7771489960d1,Kerrstad,ccf128a6-442c-4b79-9c53-acdaf4606d95,Chrismouth,d241a744-4f37-4c2e-9650-b8addc846fdd,13
282,02bcc3cc-2c05-4597-9be4-7771489960d1,Millerville,8cc559df-eab3-4749-a5a3-5304f256f13f,East Christopher,eb9c5ee5-dabe-4bf1-bd76-c95339fad5ed,97
283,02bcc3cc-2c05-4597-9be4-7771489960d1,Bonnieshire,65ac0da1-53dc-4cea-90ce-94e29c7b7d05,Katieberg,c649bf7c-b8b6-464c-8666-e04c97cfdb79,91
284,02bcc3cc-2c05-4597-9be4-7771489960d1,West Melanie,def5b242-48e9-4f21-9359-24600246d9c5,Johnsonfurt,95d39eb3-ae12-42a4-92d7-4cf753c35dce,86
285,02bcc3cc-2c05-4597-9be4-7771489960d1,Grosstown,65ed9ece-3345-4101-a978-cb1fefc15fef,South Theresa,db8937bc-5f3b-4d14-98fd-31e0576b5104,36
286,02bcc3cc-2c05-4597-9be4-7771489960d1,Coxside,df73f72e-0023-4526-be29-bb261f06cc1e,Martinezbury,ba62a0b1-cfad-4a4f-8f04-eb84980c5f45,91
287,02bcc3cc-2c05-4597-9be4-7771489960d1,Penamouth,df73f72e-0023-4526-be29-bb261f06cc1e,Tuckerport,424f58d5-8014-4e76-b80d-44f32fe56d56,24
288,02bcc3cc-2c05-4597-9be4-7771489960d1,Jamesberg,d38717a3-da78-4285-8269-7ad881a4bafe,Port Jessicatown,59882b2e-6776-4969-af57-7189ee09e1cd,91
289,02bcc3cc-2c05-4597-9be4-7771489960d1,Goodmanfurt,729f7efd-3521-4731-b1b5-0b3c34f2b734,Port Markville,5a298034-abc9-4eca-b799-bdd853c8d419,52
290,02bcc3cc-2c05-4597-9be4-7771489960d1,North Jasonshire,077ec14b-2ff8-4bb2-a4d8-dc23c737355d,Martinezfurt,695a0b06-9c8d-4ac6-bbbc-b1820a92692a,31
291,02bcc3cc-2c05-4597-9be4-7771489960d1,East Marioland,8d55b2f2-ee56-4f8d-8142-31295f34aa0a,North Alison,4f2272a5-5a9a-4c35-b9cd-3d4b3b05d9dd,65
292,02bcc3cc-2c05-4597-9be4-7771489960d1,Wintersborough,a358dcd5-452c-4270-814b-a303237f5cd9,Lake Bryan,eb9c5ee5-dabe-4bf1-bd76-c95339fad5ed,67
293,02bcc3cc-2c05-4597-9be4-7771489960d1,East Sharonbury,59882b2e-6776-4969-af57-7189ee09e1cd,Mandyborough,59882b2e-6776-4969-af57-7189ee09e1cd,21
294,02bcc3cc-2c05-4597-9be4-7771489960d1,New Nicholefurt,2182b9c3-c09e-45ef-9ec5-07b6fc4c8ffc,Lake Jeffreychester,2072c6e0-ba3d-4a83-8948-f69c5a6ca5a4,11
295,02bcc3cc-2c05-4597-9be4-7771489960d1,Priceview,eb9c5ee5-dabe-4bf1-bd76-c95339fad5ed,Monicashire,7ad2df13-88b5-41d7-af75-989968191c2d,29
296,02bcc3cc-2c05-4597-9be4-7771489960d1,Baileymouth,077ec14b-2ff8-4bb2-a4d8-dc23c737355d,North Stephen,4cb3eea3-5b86-46b5-a891-423914e7bdd6,59
297,02bcc3cc-2c05-4597-9be4-7771489960d1,Frazierbury,a10263df-8474-4ad8-bad8-40699183f04e,Graybury,077ec14b-2ff8-4bb2-a4d8-dc23c737355d,49
298,02bcc3cc-2c05-4597-9be4-7771489960d1,South Seanberg,90eff5da-0535-426b-bbe0-08b34922eddf,Lewisfurt,2fc8de7f-fb5a-4b7c-b607-37803992a2da,99
299,02bcc3cc-2c05-4597-9be4-7771489960d1,Johnsonview,b24105e1-f4a4-4fea-a6f7-dd0bd6a17360,Lake Angelastad,727a80e5-68bd-472d-85ce-765f8d122ce9,90
300,02bcc3cc-2c05-4597-9be4-7771489960d1,West Christina,def5b242-48e9-4f21-9359-24600246d9c5,New Andrea,5b12d77e-ad0e-4257-a5d8-bd16f4a762de,36
301,02bcc3cc-2c05-4597-9be4-7771489960d1,South Lauren,7c7b2573-7097-4e71-98b5-ecaf05b0a2a3,Bradyberg,cc70a37f-0213-4957-aac3-b3ff85c6b49b,81
302,02bcc3cc-2c05-4597-9be4-7771489960d1,Carrmouth,7c7b2573-7097-4e71-98b5-ecaf05b0a2a3,Brittanyborough,accc4dc5-becb-4ceb-a1d7-15d10cc7966f,17
303,639f328e-7420-456f-a12f-f4dc8fa6d8da,New Joseph,b19f0179-6544-4794-af33-38ae3e01cbdd,East Tracy,77f31660-4db8-4f2d-b098-d302e86959bb,52
304,639f328e-7420-456f-a12f-f4dc8fa6d8da,Davischester,12bafa44-79bc-4b96-a042-6ce1d2d20a00,New Jonathan,3b10c7ee-db34-47eb-be5d-a135b40f7604,42
305,639f328e-7420-456f-a12f-f4dc8fa6d8da,Williamsmouth,3609349f-a93d-4140-8d2f-0541e88ebd17,North John,dcdde224-3c79-4ce3-b9c1-1b5f8c8fb537,64
306,639f328e-7420-456f-a12f-f4dc8fa6d8da,New Debbie,7457058f-e981-4ced-9d27-c060d6601265,Thomasbury,68df335d-da54-4ea9-803d-be44fff6571f,60
307,639f328e-7420-456f-a12f-f4dc8fa6d8da,Kellyshire,77f31660-4db8-4f2d-b098-d302e86959bb,Jamiebury,b24105e1-f4a4-4fea-a6f7-dd0bd6a17360,70
308,639f328e-7420-456f-a12f-f4dc8fa6d8da,Lake Tiffany,8d3a75c0-f1c8-41d7-8043-d80d78ede04a,New Shawnmouth,5a298034-abc9-4eca-b799-bdd853c8d419,24
309,639f328e-7420-456f-a12f-f4dc8fa6d8da,Sarafort,65ed9ece-3345-4101-a978-cb1fefc15fef,Hallbury,e258af62-e87c-4d68-9ce4-66065d182b98,79
310,639f328e-7420-456f-a12f-f4dc8fa6d8da,Johnsonview,cd8518b1-b35a-4ed4-9c9f-c5429f48a435,Port Melissabury,497c448d-6b70-4c7d-a8ec-eecb26304775,63
311,639f328e-7420-456f-a12f-f4dc8fa6d8da,Marissaborough,57eaa7d0-cc35-492a-baa9-89ec01fb9677,Susanshire,2fc8de7f-fb5a-4b7c-b607-37803992a2da,98
312,639f328e-7420-456f-a12f-f4dc8fa6d8da,Ashleyview,eb9c5ee5-dabe-4bf1-bd76-c95339fad5ed,Jacksonland,eb9c5ee5-dabe-4bf1-bd76-c95339fad5ed,33
313,639f328e-7420-456f-a12f-f4dc8fa6d8da,West Jason,497c448d-6b70-4c7d-a8ec-eecb26304775,South Matthew,ccf128a6-442c-4b79-9c53-acdaf4606d95,43
314,639f328e-7420-456f-a12f-f4dc8fa6d8da,Mosesborough,77f31660-4db8-4f2d-b098-d302e86959bb,Colemanview,e258af62-e87c-4d68-9ce4-66065d182b98,10
315,639f328e-7420-456f-a12f-f4dc8fa6d8da,Farrellburgh,95d39eb3-ae12-42a4-92d7-4cf753c35dce,Hansenfort,ccf128a6-442c-4b79-9c53-acdaf4606d95,35
316,639f328e-7420-456f-a12f-f4dc8fa6d8da,North Michael,e49f74aa-d621-47e1-8d3d-6e2e4c0c801e,Stewartville,4f2272a5-5a9a-4c35-b9cd-3d4b3b05d9dd,77
317,639f328e-7420-456f-a12f-f4dc8fa6d8da,Madelinehaven,33fd3cb3-335b-4169-b2cd-da0040aee262,Lake Adam,33fd3cb3-335b-4169-b2cd-da0040aee262,50
318,639f328e-7420-456f-a12f-f4dc8fa6d8da,Lake Timothy,ebdd3e4e-4062-40a1-8ed7-0c65f36d10de,Brendaburgh,2182b9c3-c09e-45ef-9ec5-07b6fc4c8ffc,69
319,639f328e-7420-456f-a12f-f4dc8fa6d8da,Williamfurt,a4aab68a-a690-4c3c-9d18-df963cd9058c,Whitneytown,7c7b2573-7097-4e71-98b5-ecaf05b0a2a3,38
320,639f328e-7420-456f-a12f-f4dc8fa6d8da,East Kevinborough,5f1c43f6-4852-4251-b82a-1c3348886d27,Stevenport,8d3a75c0-f1c8-41d7-8043-d80d78ede04a,17
321,639f328e-7420-456f-a12f-f4dc8fa6d8da,Timothychester,accc4dc5-becb-4ceb-a1d7-15d10cc7966f,New Yesenia,be5ed739-1e50-4db1-b95b-037198dd093c,100
322,639f328e-7420-456f-a12f-f4dc8fa6d8da,Port Jeffrey,5f1c43f6-4852-4251-b82a-1c3348886d27,Melissashire,b5cdc066-f507-4fcb-ac60-c59d4ca48574,59
323,639f328e-7420-456f-a12f-f4dc8fa6d8da,New Brandimouth,b19f0179-6544-4794-af33-38ae3e01cbdd,North Jessicaton,484e27c2-f7f3-4e24-b65e-42584ab00d69,36
324,639f328e-7420-456f-a12f-f4dc8fa6d8da,Kennedyland,bf0c07c2-0415-439a-8b78-f4bf07843b9d,Crosbymouth,90eff5da-0535-426b-bbe0-08b34922eddf,28
325,639f328e-7420-456f-a12f-f4dc8fa6d8da,South Samuelfurt,cc70a37f-0213-4957-aac3-b3ff85c6b49b,Lake Melanie,b24105e1-f4a4-4fea-a6f7-dd0bd6a17360,71
326,639f328e-7420-456f-a12f-f4dc8fa6d8da,Morrisonville,65ed9ece-3345-4101-a978-cb1fefc15fef,Meyerstad,9b90a929-fef1-401b-a459-cd17f268ab15,15
327,639f328e-7420-456f-a12f-f4dc8fa6d8da,Port Sheriland,877ae7e4-89d6-40ef-b859-e1a425508582,Armstrongport,90eff5da-0535-426b-bbe0-08b34922eddf,88
328,639f328e-7420-456f-a12f-f4dc8fa6d8da,Danaside,dcdde224-3c79-4ce3-b9c1-1b5f8c8fb537,East Patriciabury,b5cdc066-f507-4fcb-ac60-c59d4ca48574,97
329,639f328e-7420-456f-a12f-f4dc8fa6d8da,North Phyllisport,695a0b06-9c8d-4ac6-bbbc-b1820a92692a,Tonyland,887a835d-61aa-4a71-a5f9-36aba81c9a4a,26
330,639f328e-7420-456f-a12f-f4dc8fa6d8da,Sharonport,484e27c2-f7f3-4e24-b65e-42584ab00d69,Veronicaview,e258af62-e87c-4d68-9ce4-66065d182b98,24
331,639f328e-7420-456f-a12f-f4dc8fa6d8da,Williamside,b7907529-bad9-42e1-9529-d2e77a79313a,Thomaschester,424f58d5-8014-4e76-b80d-44f32fe56d56,46
332,639f328e-7420-456f-a12f-f4dc8fa6d8da,West Eric,56d46ee6-cce8-476a-bf0e-9ed1aa87e3b9,New Kathleenstad,59205dfa-25eb-43a6-a607-085a1f399f55,61
333,639f328e-7420-456f-a12f-f4dc8fa6d8da,Sheltonport,109f44ea-f770-4a04-b898-1e51d0db032f,Robertschester,65ac0da1-53dc-4cea-90ce-94e29c7b7d05,73
334,639f328e-7420-456f-a12f-f4dc8fa6d8da,Lake Kevinfort,1da6ad85-4ddb-4607-a794-0ec6d88a4c4b,Lake Jennifer,6b6899e6-424d-4e2f-9ca1-4dd5e414d4f4,39
335,639f328e-7420-456f-a12f-f4dc8fa6d8da,Lake Andreaview,66d17362-3c51-4af6-a1d0-cd5b5b78e47f,Port Matthewville,74e25eea-6f32-45b8-ac4d-e7830fa3b218,75
336,639f328e-7420-456f-a12f-f4dc8fa6d8da,East Kristina,c2cf3ae0-bee5-4ee2-9f1d-8eb7ff3bc010,Lake Chelseahaven,65ed12cb-e08b-4750-a185-3beb0b91ac69,86
337,639f328e-7420-456f-a12f-f4dc8fa6d8da,South Christopherport,9b90a929-fef1-401b-a459-cd17f268ab15,Lake Craig,5c64e90c-17ec-4c98-9cdf-06d7b9e5f8b3,55
338,639f328e-7420-456f-a12f-f4dc8fa6d8da,Tylerhaven,ba62a0b1-cfad-4a4f-8f04-eb84980c5f45,Port David,b7907529-bad9-42e1-9529-d2e77a79313a,43
339,639f328e-7420-456f-a12f-f4dc8fa6d8da,Port Donald,accc4dc5-becb-4ceb-a1d7-15d10cc7966f,Robertland,33fd3cb3-335b-4169-b2cd-da0040aee262,19
340,639f328e-7420-456f-a12f-f4dc8fa6d8da,Port Lindsayborough,7457058f-e981-4ced-9d27-c060d6601265,Port Daniel,59205dfa-25eb-43a6-a607-085a1f399f55,95
341,639f328e-7420-456f-a12f-f4dc8fa6d8da,South Andrea,4ebd4e28-f93e-4c62-b5ca-deadd7afac96,New Shannon,0a63bc06-e36d-482b-b136-0f4c761629d2,70
342,639f328e-7420-456f-a12f-f4dc8fa6d8da,South Denise,569952a5-1c0f-400c-81a7-023de0502f1c,Julieton,65ed12cb-e08b-4750-a185-3beb0b91ac69,63
343,639f328e-7420-456f-a12f-f4dc8fa6d8da,Tammyfort,65ac0da1-53dc-4cea-90ce-94e29c7b7d05,Morenomouth,74e25eea-6f32-45b8-ac4d-e7830fa3b218,22
344,639f328e-7420-456f-a12f-f4dc8fa6d8da,East Rebecca,df73f72e-0023-4526-be29-bb261f06cc1e,North Christopher,ebdd3e4e-4062-40a1-8ed7-0c65f36d10de,22
345,639f328e-7420-456f-a12f-f4dc8fa6d8da,Kathleenchester,15404ccd-0532-475d-8c04-4517db13a800,West Wayneborough,65ed12cb-e08b-4750-a185-3beb0b91ac69,44
346,639f328e-7420-456f-a12f-f4dc8fa6d8da,West Jennifer,b260e927-e727-4dcf-a193-beccee7231e7,North Francis,4ebd4e28-f93e-4c62-b5ca-deadd7afac96,52
347,639f328e-7420-456f-a12f-f4dc8fa6d8da,Kaylaview,59531cf3-2757-44fc-b5c7-927316132afa,Milesshire,c649bf7c-b8b6-464c-8666-e04c97cfdb79,75
348,639f328e-7420-456f-a12f-f4dc8fa6d8da,North Brian,c2cf3ae0-bee5-4ee2-9f1d-8eb7ff3bc010,Markbury,077ec14b-2ff8-4bb2-a4d8-dc23c737355d,26
349,639f328e-7420-456f-a12f-f4dc8fa6d8da,Prattton,7c7b2573-7097-4e71-98b5-ecaf05b0a2a3,Vincentland,b24105e1-f4a4-4fea-a6f7-dd0bd6a17360,39
350,639f328e-7420-456f-a12f-f4dc8fa6d8da,New Shelly,7457058f-e981-4ced-9d27-c060d6601265,Joshuaberg,b7907529-bad9-42e1-9529-d2e77a79313a,86
351,639f328e-7420-456f-a12f-f4dc8fa6d8da,Thomasfurt,077ec14b-2ff8-4bb2-a4d8-dc23c737355d,Lake Shirleyborough,887a835d-61aa-4a71-a5f9-36aba81c9a4a,50
352,639f328e-7420-456f-a12f-f4dc8fa6d8da,Port Christine,59205dfa-25eb-43a6-a607-085a1f399f55,Douglastown,bf0c07c2-0415-439a-8b78-f4bf07843b9d,19
353,639f328e-7420-456f-a12f-f4dc8fa6d8da,Tamitown,4cb3eea3-5b86-46b5-a891-423914e7bdd6,Hudsonberg,729f7efd-3521-4731-b1b5-0b3c34f2b734,56
354,639f328e-7420-456f-a12f-f4dc8fa6d8da,Danielville,b5cdc066-f507-4fcb-ac60-c59d4ca48574,Hillborough,4cb3eea3-5b86-46b5-a891-423914e7bdd6,16
355,639f328e-7420-456f-a12f-f4dc8fa6d8da,West Michaelbury,070b6796-3802-40f0-90a3-7af2d03eb49f,Lindaview,497c448d-6b70-4c7d-a8ec-eecb26304775,42
356,639f328e-7420-456f-a12f-f4dc8fa6d8da,South Chad,6b6899e6-424d-4e2f-9ca1-4dd5e414d4f4,North Linda,bd1b515f-8657-4b6f-940a-e388c4715086,78
357,639f328e-7420-456f-a12f-f4dc8fa6d8da,Christinetown,5f1c43f6-4852-4251-b82a-1c3348886d27,New Rebecca,2182b9c3-c09e-45ef-9ec5-07b6fc4c8ffc,55
358,639f328e-7420-456f-a12f-f4dc8fa6d8da,Lauraburgh,a358dcd5-452c-4270-814b-a303237f5cd9,Andersonside,db8937bc-5f3b-4d14-98fd-31e0576b5104,44
359,639f328e-7420-456f-a12f-f4dc8fa6d8da,Mooreville,c2cf3ae0-bee5-4ee2-9f1d-8eb7ff3bc010,Keithton,15404ccd-0532-475d-8c04-4517db13a800,85
360,639f328e-7420-456f-a12f-f4dc8fa6d8da,Christon,9b90a929-fef1-401b-a459-cd17f268ab15,Garzaberg,de028a83-14ce-4fc1-bedc-69cb6e4b8322,16
361,639f328e-7420-456f-a12f-f4dc8fa6d8da,East Jennifer,81c30d0d-50f5-48c4-a719-0b5037da8750,New Ricardo,bf0c07c2-0415-439a-8b78-f4bf07843b9d,39
362,639f328e-7420-456f-a12f-f4dc8fa6d8da,Brownmouth,65ed12cb-e08b-4750-a185-3beb0b91ac69,Lake Michael,4f2272a5-5a9a-4c35-b9cd-3d4b3b05d9dd,29
363,639f328e-7420-456f-a12f-f4dc8fa6d8da,Raymondfurt,8cc559df-eab3-4749-a5a3-5304f256f13f,East Nancychester,8b7e1249-d545-4c7c-b8f1-5d12478349b4,52
364,639f328e-7420-456f-a12f-f4dc8fa6d8da,New Matthew,0416c58d-9c10-46d3-b895-cd680b79bde7,Haydenfort,bf0c07c2-0415-439a-8b78-f4bf07843b9d,48
365,639f328e-7420-456f-a12f-f4dc8fa6d8da,East Dorothybury,2fc8de7f-fb5a-4b7c-b607-37803992a2da,South Daniel,77f31660-4db8-4f2d-b098-d302e86959bb,27
366,639f328e-7420-456f-a12f-f4dc8fa6d8da,Jonesshire,cc70a37f-0213-4957-aac3-b3ff85c6b49b,West Timothy,727a80e5-68bd-472d-85ce-765f8d122ce9,46
367,639f328e-7420-456f-a12f-f4dc8fa6d8da,Jimenezfort,109f44ea-f770-4a04-b898-1e51d0db032f,East Jayberg,def5b242-48e9-4f21-9359-24600246d9c5,93
368,639f328e-7420-456f-a12f-f4dc8fa6d8da,Port Benjaminview,6983dc6a-f007-48e5-b08f-214833d19284,Staceyton,a358dcd5-452c-4270-814b-a303237f5cd9,27
369,639f328e-7420-456f-a12f-f4dc8fa6d8da,West Jessicaton,accc4dc5-becb-4ceb-a1d7-15d10cc7966f,West Paulland,424f58d5-8014-4e76-b80d-44f32fe56d56,100
370,639f328e-7420-456f-a12f-f4dc8fa6d8da,Davisburgh,74e25eea-6f32-45b8-ac4d-e7830fa3b218,New Christopherview,bd1b515f-8657-4b6f-940a-e388c4715086,89
371,639f328e-7420-456f-a12f-f4dc8fa6d8da,New Johnchester,90eff5da-0535-426b-bbe0-08b34922eddf,Anthonyview,727a80e5-68bd-472d-85ce-765f8d122ce9,20
372,639f328e-7420-456f-a12f-f4dc8fa6d8da,Andrewchester,cc70a37f-0213-4957-aac3-b3ff85c6b49b,Kimberlyton,4ebd4e28-f93e-4c62-b5ca-deadd7afac96,41
373,639f328e-7420-456f-a12f-f4dc8fa6d8da,Kellyville,5b12d77e-ad0e-4257-a5d8-bd16f4a762de,West Michael,5a298034-abc9-4eca-b799-bdd853c8d419,98
374,639f328e-7420-456f-a12f-f4dc8fa6d8da,New Paulview,3b10c7ee-db34-47eb-be5d-a135b40f7604,Douglaschester,ba62a0b1-cfad-4a4f-8f04-eb84980c5f45,85
375,639f328e-7420-456f-a12f-f4dc8fa6d8da,Garcialand,070b6796-3802-40f0-90a3-7af2d03eb49f,Lake Lisa,dcdde224-3c79-4ce3-b9c1-1b5f8c8fb537,47
376,639f328e-7420-456f-a12f-f4dc8fa6d8da,Russellburgh,b19f0179-6544-4794-af33-38ae3e01cbdd,Gonzalezbury,b5cdc066-f507-4fcb-ac60-c59d4ca48574,75
377,639f328e-7420-456f-a12f-f4dc8fa6d8da,Laurenmouth,90eff5da-0535-426b-bbe0-08b34922eddf,Lake Toni,33fd3cb3-335b-4169-b2cd-da0040aee262,45
378,639f328e-7420-456f-a12f-f4dc8fa6d8da,Port Nicholas,6b6899e6-424d-4e2f-9ca1-4dd5e414d4f4,West Anita,070b6796-3802-40f0-90a3-7af2d03eb49f,50
379,639f328e-7420-456f-a12f-f4dc8fa6d8da,Port Donald,7c7b2573-7097-4e71-98b5-ecaf05b0a2a3,Amberhaven,a5067d9e-d0b5-4291-91da-b4208453d483,59
380,639f328e-7420-456f-a12f-f4dc8fa6d8da,New Justintown,8cc559df-eab3-4749-a5a3-5304f256f13f,South Sierraside,b39a610b-9ec9-4888-94ef-cb6f116b0b0a,32
381,639f328e-7420-456f-a12f-f4dc8fa6d8da,Meltonville,070b6796-3802-40f0-90a3-7af2d03eb49f,West Benjaminfurt,ebdd3e4e-4062-40a1-8ed7-0c65f36d10de,68
382,639f328e-7420-456f-a12f-f4dc8fa6d8da,West Kimberlyfort,56d46ee6-cce8-476a-bf0e-9ed1aa87e3b9,West Johnburgh,497c448d-6b70-4c7d-a8ec-eecb26304775,52
383,639f328e-7420-456f-a12f-f4dc8fa6d8da,Christianmouth,33fd3cb3-335b-4169-b2cd-da0040aee262,Nicoleborough,b260e927-e727-4dcf-a193-beccee7231e7,60
384,639f328e-7420-456f-a12f-f4dc8fa6d8da,Suttonstad,15404ccd-0532-475d-8c04-4517db13a800,East Johnside,3b10c7ee-db34-47eb-be5d-a135b40f7604,16
385,639f328e-7420-456f-a12f-f4dc8fa6d8da,New Seanmouth,81c30d0d-50f5-48c4-a719-0b5037da8750,Jomouth,74e25eea-6f32-45b8-ac4d-e7830fa3b218,48
386,639f328e-7420-456f-a12f-f4dc8fa6d8da,Simmonsfurt,cd8518b1-b35a-4ed4-9c9f-c5429f48a435,Karafurt,66d17362-3c51-4af6-a1d0-cd5b5b78e47f,57
387,639f328e-7420-456f-a12f-f4dc8fa6d8da,Rebekahmouth,4ebd4e28-f93e-4c62-b5ca-deadd7afac96,Port Thomas,66d17362-3c51-4af6-a1d0-cd5b5b78e47f,66
388,639f328e-7420-456f-a12f-f4dc8fa6d8da,Warnerchester,77f31660-4db8-4f2d-b098-d302e86959bb,Jenniferville,f3659034-d084-4579-8924-23443d6f7467,36
389,639f328e-7420-456f-a12f-f4dc8fa6d8da,Gabrielleport,5c64e90c-17ec-4c98-9cdf-06d7b9e5f8b3,West Ernest,569952a5-1c0f-400c-81a7-023de0502f1c,31
390,639f328e-7420-456f-a12f-f4dc8fa6d8da,Langchester,070b6796-3802-40f0-90a3-7af2d03eb49f,West Michaelshire,a5067d9e-d0b5-4291-91da-b4208453d483,63
391,639f328e-7420-456f-a12f-f4dc8fa6d8da,New Matthew,6983dc6a-f007-48e5-b08f-214833d19284,Christopherfurt,991b7ffb-259d-4af0-b5bc-3ed4d3e2c509,70
392,639f328e-7420-456f-a12f-f4dc8fa6d8da,Bakermouth,bdb1205e-bd86-4001-9908-603788c3deee,Christopherville,d241a744-4f37-4c2e-9650-b8addc846fdd,30
393,639f328e-7420-456f-a12f-f4dc8fa6d8da,Ayalahaven,070b6796-3802-40f0-90a3-7af2d03eb49f,Watsonport,4ebd4e28-f93e-4c62-b5ca-deadd7afac96,19
394,639f328e-7420-456f-a12f-f4dc8fa6d8da,New Denise,d38717a3-da78-4285-8269-7ad881a4bafe,Davidtown,5a298034-abc9-4eca-b799-bdd853c8d419,69
395,639f328e-7420-456f-a12f-f4dc8fa6d8da,Graveshaven,bd1b515f-8657-4b6f-940a-e388c4715086,Catherineville,2643a1ce-14b0-4a28-956a-2b01a64aee1e,75
396,639f328e-7420-456f-a12f-f4dc8fa6d8da,West Bradley,a4aab68a-a690-4c3c-9d18-df963cd9058c,Denisefurt,b19f0179-6544-4794-af33-38ae3e01cbdd,24
397,639f328e-7420-456f-a12f-f4dc8fa6d8da,Philipborough,a358dcd5-452c-4270-814b-a303237f5cd9,West Jessestad,695a0b06-9c8d-4ac6-bbbc-b1820a92692a,93
398,639f328e-7420-456f-a12f-f4dc8fa6d8da,Branditown,ba62a0b1-cfad-4a4f-8f04-eb84980c5f45,Bethanychester,5f1c43f6-4852-4251-b82a-1c3348886d27,52
399,639f328e-7420-456f-a12f-f4dc8fa6d8da,East Anthony,077ec14b-2ff8-4bb2-a4d8-dc23c737355d,Port Mackenzie,254cbb80-f015-4ed1-a8be-8214d235b9c6,85
400,639f328e-7420-456f-a12f-f4dc8fa6d8da,North Davidhaven,b5cdc066-f507-4fcb-ac60-c59d4ca48574,West Beckyhaven,6983dc6a-f007-48e5-b08f-214833d19284,67
401,639f328e-7420-456f-a12f-f4dc8fa6d8da,Jenningsbury,33fd3cb3-335b-4169-b2cd-da0040aee262,Josephshire,727a80e5-68bd-472d-85ce-765f8d122ce9,22
402,639f328e-7420-456f-a12f-f4dc8fa6d8da,West Rebecca,b7907529-bad9-42e1-9529-d2e77a79313a,New Robert,2fc0f3d2-f5c0-47bc-a24f-9fc2741b6464,91
