id,user_id,pivoit_id,bus__trip_id,price,type,status
4c6b6522-491a-40a6-ba2f-4efb0a85deea,27a6b24b-8ef4-4074-8076-c9435940b638,12223,4075,254,2,pending
d46c6d83-19a8-4981-906e-0d63cffe30dd,5ada93a6-b138-4c59-9595-eeeb28ee1a66,2475,826,486,2,pending
c05b5251-c1c0-462d-bea1-918f59763373,9c47bf2b-27bf-4279-9390-5c07b723b8a8,16816,5606,243,1,pending
984e2f0c-60d9-4ae7-bb42-b6d58311ee73,2d693c2c-a95d-467a-9602-b5c423e9fbb2,6025,2009,430,2,pending
3ab8c906-ced9-427d-8c4a-1b6bccc8672f,680692b5-f6ff-431a-b2e5-6863023b8dd5,14457,4820,133,1,pending
0b896760-4a21-46c8-afae-3939b767a7ff,c70d8c22-bf98-4d3b-ac01-a5c336f8bd9c,2630,878,833,2,pending
b258a97d-d836-4547-8430-2bc8054697c1,ef783e55-d7f7-4a65-93b0-5a06dfa85f49,11377,3793,348,1,pending
2265ac30-2409-44d1-8c29-dd91c9e15878,3b6875d3-5353-4c67-8ac3-485a1236e034,771,258,992,1,pending
d5af2c16-a082-4d22-930e-b327b3384719,8d278ba8-3129-4735-be25-f0b8de82747c,479,161,148,1,pending
fa41c0a1-f7de-473c-ba5d-c3ec590b4a9d,8214c729-b07a-4608-ab30-ce354996ed5b,10385,3463,640,2,pending
f65b1233-97ea-4b24-86de-965ba65e20a6,1933626b-731d-4130-9ac6-665dd92617aa,11606,3870,893,2,pending
109e3160-10e8-4d99-b8ff-4e98ae270cc4,0a35a705-94ae-4aac-9bf4-0726b3f28b88,3982,1328,915,2,pending
dc819399-868d-4ba8-9908-cf7f2fbeaf42,13ea2a23-36f2-4cd2-b685-a99eeb0dbc62,14339,4781,713,2,pending
7d5f4ff0-ca88-4187-abac-298c516e7aa5,a1ced07d-04ac-44e6-b543-e4df167c9ceb,6641,2215,143,2,pending
5dd7a28f-9cae-4f38-b0e0-81f7b330367a,f459d2e3-7dbd-4f44-bcec-03a87951cf94,6589,2197,361,2,pending
24bad97e-a35a-45c5-918b-6b5027aed01d,11d3041a-a31a-484b-bc0f-797a2addae06,16272,5425,618,1,pending
ffd9e6fd-64ce-4dea-9302-bfda33d20eca,23dbbfa9-5518-41ee-bd20-20c13b96dd62,11282,3762,384,2,pending
19a86f42-d716-4cea-99d9-4a877bc81518,d7edd67f-ac5b-409b-b4a8-daedff120916,13993,4665,975,2,pending
5f19b89c-7878-42c3-b33b-593d6bff3954,80360da3-0d20-45e8-a4bd-3b272a5c2b4b,8912,2972,539,1,pending
17230758-d816-4e45-8cb4-65e5df79de29,03108e06-952a-4975-a21e-029611bdcd74,10042,3348,914,1,pending
275a0f91-63c1-4558-b6e1-5f6025d4eaa8,984c77c4-cd1e-41e8-a091-3f76183d112e,4648,1550,684,2,pending
0afba107-d4db-4d75-8832-bf5424b73fe2,d276ff28-e3c1-4167-ba48-9a45d59c1e53,1500,501,408,1,pending
3962b040-2737-4234-8678-93089fdae2ce,0bb1fc2a-a2de-41f3-bfe5-54f6b24992e3,15792,5265,887,1,pending
9e4dc435-47ee-4540-a64b-04702b45e6d7,1b64763c-589e-47c1-ad37-7649e264e1bb,6196,2066,132,1,pending
9a1a10a9-c024-442e-92ae-21729c6d7769,af4edda9-3255-4a6f-a3a9-0e1cd268d2ab,3514,1172,622,2,pending
41af45b2-e672-4da3-b2b2-f221df97dabc,dd9dd995-c879-4b23-9134-5819147ab253,7490,2498,361,2,pending
7f2b430c-97a2-4302-9baa-032adb3df859,45ee25a5-2737-4258-820d-1a2a5bea611a,3049,1017,585,1,pending
755da5b0-4f7e-4b8e-9134-365ac3f289ef,5d1680ab-a750-44df-be0c-dfbd641a5996,3045,1016,414,2,pending
bc7ea510-6e55-4b09-a416-bb886fcb78a0,2d499f3b-95d9-4b89-a966-b2446855628a,12565,4189,633,2,pending
6b849eae-e27a-4eac-9a4a-dad56fe8ad21,ed7247ee-e16b-496b-9275-af66e20c49de,15663,5222,161,2,pending
49a69f5c-b175-496f-ae3a-38271d024746,d25e9a8c-411d-4465-aed7-3452972ebe9b,7255,2419,490,2,pending
c88bc9e7-e071-4da6-b8ea-0aa1ff1e5a54,e8f9d42c-fa0e-4879-9f28-7bc154fb6740,17321,5775,969,2,pending
fe461e48-a273-4c66-84ae-bb02cef678d4,ecc43bab-ee67-457e-a107-5b84ef351a19,3998,1334,999,2,pending
03e770d2-519a-4dc7-a523-7501ed188ca7,61fce986-8af4-4408-a61d-00432c28aab1,1460,488,439,1,pending
4333ebf8-0e19-4b9b-85bb-aa7541626df1,5f82207b-0db3-4e79-9ef3-c313ff9d1913,490,164,994,1,pending
16b004bb-0f2b-4b3a-b519-6565caf37266,b6001ab2-b0be-48d5-823b-51957906bb30,12409,4137,143,1,pending
8f7287d7-0a95-4261-beb0-87390c0f9cbd,89f87b62-9fa4-4a2d-a1df-ffa805a23fb5,17498,5834,284,1,pending
d13ef38f-6866-4f93-a2c7-6aea570bab34,3552f228-5cc1-41ea-acfd-57a931c953db,6935,2313,200,2,pending
422b7b61-13f0-4acc-a80c-799796225396,5a179a40-01cb-4e3b-ae48-8507171a713b,15719,5241,273,2,pending
78dfbceb-4e55-4ad1-afe0-1ce17fab49aa,8317974e-02be-4fb0-a3b1-e34a978796cc,17564,5856,526,1,pending
b4293771-5e4a-4e38-8043-4371765c32c6,aa272e4c-7011-4f74-9cd1-838e5de0518d,371,125,392,2,pending
b01795bd-4b66-4d59-a309-5cdf50b9ed47,a907a4e6-9c69-448f-ab00-9c49259d4e63,638,214,523,2,pending
21b41c4a-6f2a-4744-a255-101ccff8c48e,2f3713cd-4cf6-4d73-af42-08b93584b024,10087,3363,223,2,pending
f48043dd-2333-45a8-b436-32ae22b21f6c,724603db-7815-415a-9cf8-8a36f3fa1a88,12084,4029,709,2,pending
ead66f73-1072-42b7-b8eb-b044f8d1748a,07e220d2-4351-421f-9991-9ddb132d4fcb,4205,1403,499,2,pending
fdce9d3e-ebfd-4896-807a-bbab06a2f9c8,0d098de3-2d29-410b-afdf-d3d8e2464983,11942,3982,447,1,pending
cd39de6f-3902-4924-80e6-04c99a17c28f,9eafa925-6de1-4b65-983d-1540207ead38,7718,2574,152,1,pending
bffdebab-b2b2-41d7-95d2-0eaadccb8ff3,ece2e1ec-9080-48f6-a3b5-785f1796df85,3742,1248,862,2,pending
27815c2c-5a03-4c19-9e3e-53e68b9a65fd,ae3e039f-3874-4c47-bd5b-d4a465e77b37,14157,4720,334,1,pending
f25862e8-e0de-46eb-8e6c-95c5f2497e47,8f082ee7-d1b9-4259-ad4a-d8566b73c551,1385,463,794,2,pending
8d611873-7630-4f1e-95eb-081f4079148a,3c3f2384-f013-45b3-8a08-589e369d3df3,6021,2008,713,2,pending
5514661f-aa00-48ef-92b1-8e31a50be857,30f2a664-0e33-41ac-aca2-dc93cac3c000,6265,2089,235,2,pending
37b32cfd-dd70-4c90-9c37-a2403b11dcc8,4eaa7113-fe90-4c97-a447-67c53d3c3d9e,11914,3972,265,1,pending
c4e36220-924e-428d-8c77-bd72611003a1,50e5b4b4-8fe6-4c49-ad7f-9f17eae38f9c,8933,2979,923,2,pending
59f3a12d-8402-44e5-8d55-45e250fac561,f1adb2f5-eac2-40e9-a10c-a1ab0ec99334,2487,830,217,1,pending
8dc5b7e7-2861-4c7b-a287-171aa10504ed,f3567619-8a93-4d35-bd7a-cf7da198cd16,10066,3356,893,2,pending
a8f7ba7d-c36d-478b-885f-c781b2966c24,0b8fce43-c7ab-4f55-97f4-6c60a36e96dd,438,147,299,2,pending
921c409d-7da0-43a1-8722-85bc81c4a3ed,c46b5cfc-3ae5-44af-a6ec-d3e89b0fe78e,5188,1730,620,2,pending
26b55526-8f45-4f15-bb22-dffa33b3503c,533b8ec0-7827-45b1-a371-201041b20d60,373,125,231,1,pending
0a527e45-c15a-465a-baad-6df3d7b59016,1695e0d6-14e9-41b8-bca8-acc5ff9d6461,2532,845,232,1,pending
9df98dba-8c08-409c-9c45-686e91337a84,cdb7367d-20da-4de4-adfa-6609a21a1701,11751,3918,113,1,pending
dcaffd39-fb0e-4ade-a46c-7f0674c75f0d,e98ae8c0-3302-45f2-9f04-4d1287a55ec6,16961,5655,393,1,pending
89cb708b-adfe-44c8-81f4-e05deae13cce,8c7a229d-cb2f-4555-82f6-5d699795bfb7,202,68,205,2,pending
b7da1615-67b8-45f9-9fb5-d8d783af9934,1f79a76c-ab3c-457a-ba19-0f7084564e57,14459,4821,333,1,pending
fd9649d5-c894-42cd-902a-1c9125647450,c4722bca-5eaf-4a93-8574-dd1ca2ce48e0,7960,2654,470,1,pending
ec37f8e7-80bc-43f8-a057-4d60795fbafc,db282871-4ef7-43ca-957a-d039387945c4,1437,480,696,2,pending
a4153968-c8e4-4561-923d-77adbab8c26e,953b17c3-6e64-46fa-b051-7b609074fa2d,14747,4917,797,1,pending
61dc738d-46e1-469a-ad43-622177690777,cd999a1f-a062-4e2b-b703-3a7b2e5d8089,4557,1520,590,2,pending
b76d91eb-0c65-43d0-9331-34232334c33e,2cc5b512-4492-4543-a9c2-4c98426f663d,12664,4222,970,1,pending
7920e6be-9029-41a3-a82b-378d729a0270,06837fc6-fc51-480c-8f20-ae22091cce2a,10453,3485,449,1,pending
a8ab2d8a-8cdb-41eb-a8bf-4b439914f814,9dc01846-3529-43ed-97e7-46a81ce6ed78,16552,5518,930,2,pending
b45da775-b771-4592-ad06-d647fe33f3b1,e042e9ad-7ffd-40b7-ae10-11fb5b78ede0,9904,3302,428,2,pending
5674384a-2eac-4167-b667-dd26dd291363,495978e8-cce5-4b89-a285-7596f6e006c9,14040,4681,705,2,pending
4a118e0e-fa5b-4d69-8446-3c95fcbfd3c4,32aa04c7-6a8f-4869-89ad-eb19ee17b60a,2052,685,968,2,pending
9332e881-19df-4619-8598-72efa3908c87,eb5aabf8-2f17-49c9-a226-3f85b92f82ac,761,255,451,2,pending
af84323f-d1c4-4f5b-83f7-34eeea785dd6,7eee81f6-6fbd-4c26-b52d-8f067e5e5322,864,289,559,2,pending
1359a41f-b51b-4085-a564-b8496cce7656,8cc8f408-4fb4-41c7-8d8b-683881fb0f1a,4107,1370,415,2,pending
853944a8-4698-4698-91ca-9bd5bda2a7d8,e21ed106-3eaa-43ed-8119-560a79e91caf,9226,3076,870,1,pending
91a830d2-3e7e-4dfd-8ce5-e9c8bf9e732a,1cc267c2-6dd3-4ca2-9810-09ab232e52be,4159,1387,459,1,pending
d6c9d58a-54fd-4552-83d1-6c03bb8879f9,02b6d262-937d-4e46-8fe8-b960116f7ac5,17276,5760,565,1,pending
138e6fb8-f9bd-4f00-85eb-98fe27b182a8,9a65bb9c-5067-48d3-a9fb-5d21667a9021,7718,2574,500,2,pending
60abfe57-85a3-4ef1-8768-540edb807f39,dd34162f-695d-448a-b573-dc1904dfa407,1143,382,444,2,pending
040b9dc4-049f-4701-beac-677c4b1f48a0,2890d84a-f4c7-41a1-95be-46127dcd8a1c,545,183,224,2,pending
264d83b2-2bf0-405a-b835-8c39969c2f17,5b3970d2-1930-4bee-88e1-6da9d5f7540e,10159,3387,875,1,pending
bb4716e1-630e-4daa-b4d0-ef506b1fc0a4,0c039cfb-d8a1-4bef-b771-9250d8ee2aff,17019,5674,154,1,pending
f5ad726d-f4d8-42df-b221-c266b7a5aaae,0b040eb2-da23-4e59-a643-fe244680f59f,11984,3996,190,1,pending
14d96ad6-a91c-4ec8-a11f-edbca61aca0a,6dd3b779-327a-4b92-8c0c-bdd6ecbd323e,838,280,431,1,pending
3cc7bb9a-fa20-417b-86dd-447c635d38d4,6da8ec11-30bc-4dd7-b445-7c78bfc81b4b,4707,1570,982,2,pending
2d30ec08-1799-445e-9314-08d663b81b42,2583cbb7-8a1e-4aab-bf7d-373796a59763,1384,462,663,2,pending
09260f86-ab70-48a7-8159-0c75a70b6d9f,69577736-ea71-4793-90c6-eb290b035d83,8832,2945,397,1,pending
39b2656a-54de-4fce-b434-fa4e18332b27,66b4a57e-5236-45dd-8645-cca100405852,13444,4482,813,1,pending
ad1412c9-e1cf-4a68-bac7-7f0ec3a7be4b,b3c0536f-4c69-4f08-bbd7-06d938ecb650,6162,2055,625,1,pending
f96b014f-550b-442f-bdd4-2b559d732271,2a76ab18-87fe-4847-a480-8ade4c448b1a,14932,4978,491,1,pending
ee273bbb-feee-4b93-859a-20b4f933e9e6,0328cdf6-b7b2-46bb-ae16-b96fa3119fb6,4609,1537,504,2,pending
6772d1e4-0d64-420a-b4de-3dd20711870f,2a5c66e6-4efb-4793-a26e-d9fe066ec46d,11529,3844,134,1,pending
c2109f2c-697a-48bf-a61e-b43214c31544,80d0d976-3f6c-4365-b4dd-517e1bdf4bfe,10110,3371,178,2,pending
ef19325d-0068-4dcb-8a38-53b48006f0e3,ffd4dcc8-25be-4727-a248-3709a11ee5c6,3083,1029,464,2,pending
0d3c763a-cbc0-4357-82e3-e0cd65aeff76,79c53b01-7625-41ae-b032-09c6e50231b5,10817,3607,690,2,pending
ea602c43-4950-4f5b-820b-dd859d8f6f57,07bbdf9b-9383-4bc0-b84a-eb4f761998b4,13499,4501,341,1,pending
21483e68-7d86-475b-ae8b-b9b3710ae6fd,200cd1aa-c853-4700-be34-befd3cbf9de3,9094,3032,695,1,pending
a297d29a-8629-4307-8719-20da7c3a4f79,076492f9-03e2-4848-8624-07c9c08b6bd4,9352,3118,388,2,pending
2a8464d6-50f6-4252-9948-2db78a7efc40,5f4cba83-a27d-40c3-8aae-1be448781542,10264,3422,241,1,pending
56fa5b80-b89f-4256-b205-f17123bbe07a,a630cb5f-4167-4c97-af0b-1d3b446fd34c,10298,3434,793,2,pending
a82aa5d6-fd3f-4c8f-ab8b-37969d8e31a9,c029ceff-92cd-4629-86d1-5551c0666ae5,16372,5458,115,2,pending
c95a765b-d35f-4d27-8d86-845bed56f9ab,65311f51-5ea3-43e3-952a-b9990b79083b,12655,4219,475,1,pending
5599888a-1e2e-411e-b769-15c3f8fb6102,9cd170ad-2e15-42f7-a259-8b49b118503d,11718,3907,324,2,pending
c4c3f739-6181-47ef-8740-b284ce5f6767,ea875cc8-8393-4596-9f17-07a143034008,9909,3304,552,2,pending
449e6828-989e-45fe-84e4-0c63a59afe03,6b30ec3c-9c05-45a1-b379-beb854bb40bb,4658,1554,625,2,pending
875da89f-c00e-4529-962f-5c8d2e7e21dc,bb701194-acc1-4268-9127-f06f756c1f50,7333,2445,335,1,pending
69c08665-f520-4ed7-bfe3-0e7af2f8d422,12b59d93-272a-4d67-97e0-741c07774961,11152,3718,860,1,pending
b25c5ace-7049-45b6-b747-01da969098ee,f41a7c7f-e95c-4a61-9cdc-b5467584680d,13900,4634,400,1,pending
12045b63-ef94-4b48-b3dc-d6e33eda75de,a0f0efb7-45e4-4d99-bfe0-16fdb3e0fc09,16983,5662,415,2,pending
2d81b609-b107-4026-b668-c6f828768f6c,06dea064-02c6-487d-ade9-20158bbbc102,8795,2933,409,1,pending
62796c56-f56b-465a-8c2e-753dcba95a29,d7ae2f03-85ac-40d0-9d71-6e6cdfae9afe,6399,2134,171,2,pending
130da4c2-e2cd-4072-8445-95848d33307b,06b64a58-3048-47fc-b325-1cead068afcb,16867,5623,325,2,pending
f900131b-ad18-4a36-8f73-d5cd5a3a870b,d2bbe64f-03c3-411a-8ae6-e18cffd3deac,8351,2785,950,2,pending
f0e1246f-e02b-4493-874d-5bde7adc40d9,0b978507-1b35-49fd-bbd4-c91422d5f616,10242,3415,451,1,pending
7741213b-f86c-4493-81df-792a2e3438c5,297966a8-fd09-4adb-b7af-5447b86168e1,5435,1813,158,2,pending
cc5498fa-5ffc-4a65-8cd8-213e73ed1b32,b67915af-e0ed-4550-9d6b-aefb3b7b5388,1402,468,456,2,pending
91dbc9ed-f701-4089-bf3a-35730472495b,603a2d51-444d-4942-bc0c-1a94ce0f4767,6664,2222,674,2,pending
da773b52-bf09-4b57-ac29-04e7c301163f,c56f55f3-1320-42a1-85b9-e95485716b04,15953,5319,730,1,pending
f53f2322-9eb2-40ce-a222-7089baa09f83,13d94369-701a-4954-9e96-13e21cb76aa3,8064,2689,245,2,pending
33af17f6-ad98-4e65-b9a4-0fc35243b54a,dd9a77b8-f1a6-41da-a04f-41aa27d93598,7936,2646,336,1,pending
b643c5e2-c9bc-421e-a748-674c930a3f29,8b03ed7e-210d-47f5-a331-4637055a5e41,13173,4392,743,1,pending
12a91869-ee54-4e47-8bfc-ee2757320fbc,454a0c95-698a-497a-82c2-60b9bba79197,14053,4685,201,2,pending
4e2ccfbc-d587-48c2-8734-7789e7a7473f,7bbbda08-3d48-4434-b08c-8b3fefb441d8,11702,3902,302,2,pending
9876f1ae-199e-4a63-b80d-6bf2e2c75d70,184d7f0c-2373-4e89-afa4-e3bd7baf8b1b,8397,2800,946,2,pending
454b868c-91b1-476b-8c7e-df739159bf12,a1e0cb7a-3ba0-47eb-854c-828c05267281,6011,2005,802,1,pending
a09fcb9f-1fde-416c-b7f5-689b4b8d492a,1c2dd311-3259-497b-b443-451a602a672e,17493,5832,968,2,pending
2eee25b7-857c-46fd-9b80-84f44bd1537f,49dfcb30-a892-462a-b2e6-6e9575a434c3,14176,4726,931,2,pending
f5d712b4-4fff-4d68-9e4f-3b65a99ea6ea,7c9f087e-8f7f-47c8-97cd-9ab6ba977c35,1637,547,766,2,pending
8875b189-4719-48c6-b19d-80d9091d3197,a788e074-3d20-4117-b98a-6a4c9dfb4f74,9863,3289,755,1,pending
dd6d91db-17b2-4fef-91d8-19b703f16a3b,392520a8-bceb-42bd-b600-7f954f1f22f5,420,141,654,2,pending
33ab8418-a33c-46bd-8d62-b3de53124544,3ae8e0e9-c019-4f67-8968-f61f23254f06,7013,2339,846,2,pending
0030586d-35d5-4874-9af3-e7245565ff6c,68a2b0e3-9220-4bec-9e27-e566eb1482bd,17003,5669,925,2,pending
196566ef-96fb-44d9-b866-4e4d06dbddde,1a591fc7-bdab-4463-b1ac-5cd45b159938,8487,2830,850,1,pending
f1160d8f-7314-473d-b6d2-c0af273df5bc,686e0cd6-6873-47e0-89ca-d48daea2e34c,16337,5447,925,1,pending
2cdc0b60-fecc-4cca-8144-91da6195a9c8,2e0fed3b-4066-4bd0-99b0-fbc02dac9931,2260,754,409,2,pending
7613ff9c-e1e8-417b-a3b3-99dc6e83f4db,cd9b8044-ba3e-4792-982d-082f5de22f98,6994,2332,896,1,pending
a812938b-c0bf-4673-a32b-9f11d3eda788,f83c4cc8-7d93-43ee-88d8-c556d5a8070b,12037,4013,647,1,pending
db5f3c43-bc6b-4413-8f2b-533e46c8198c,e819d4de-6125-40ab-9006-6d2ddbef0997,2975,993,908,2,pending
64ad8480-f493-452c-b6fe-b84289e45744,4adcc568-c65f-4de3-bee2-b51ba85e1a75,9672,3225,853,1,pending
a3a5739c-e258-45ea-b974-1b10bdaf1d68,7b0548cf-833c-439d-89f2-ba11bfbbc279,15012,5005,765,2,pending
7b147ba0-820f-4428-b9fa-1db45f12a2ef,311a683a-e48d-4183-9d86-177648a16317,7212,2405,315,2,pending
6f17b0e3-f88a-4cd5-a8fb-2bdec5756daa,2c88560e-22a4-40f2-9acf-fe5ad500f16d,15648,5217,138,1,pending
767a00f6-938b-4a29-9854-de2f86cf7f98,1fd5f342-c409-43c6-9b9a-2badd811a27a,13028,4344,852,1,pending
1f82b4fe-a672-4bdf-b9f1-36a80ca56665,802ddcca-f9a5-48b0-b655-283c4f65d5fd,16466,5490,678,1,pending
9d131511-2351-419b-9dc8-a384176a0d13,b188eae6-d2c3-4100-8654-925d801b2e0b,14033,4679,787,1,pending
850dd9c3-b155-46f0-a370-613031083a39,f16075b2-7ce3-48f8-86de-fcf2342a1b9c,4641,1548,493,1,pending
83418794-693c-4337-91bc-53d1a3260bf0,d011c287-baa6-47cd-b00c-2d55eab816ae,3057,1020,665,1,pending
076aee80-2173-4972-a577-9158c5110c72,eda1608c-8871-4eae-a105-789db6bd22e9,6599,2201,665,1,pending
368130eb-65c7-4566-a2cc-96d8251c27aa,13813b87-cc25-426b-8750-15bf4e6b9ccd,2176,726,608,1,pending
b4298956-3f15-4fe5-8ae2-9e9656e07487,3bd25e80-2770-4480-8151-57cfaee5db9e,10760,3588,322,1,pending
8e72cd81-7764-43fa-8dac-29ac7ff96646,63e99a8e-4646-429b-8e11-ec07cf8794c4,15717,5240,601,2,pending
06293a51-cab2-432b-9171-b64224c07fad,e147e15c-6854-4bf5-8150-eea064c94a97,3248,1084,418,2,pending
8f5b9875-b2f3-4931-b2bf-7b2106486cb8,678139d3-a805-4c76-b4ff-e48356687c86,659,221,435,1,pending
d326331a-9191-4029-92f7-93a9e669b98c,94c21fb0-e28c-470f-9425-2a7f2691dcde,14558,4854,963,1,pending
9a795f26-39b9-46c0-aeb5-b638498a69dd,d0284aa0-e19b-46b9-84bf-10d048db5642,17140,5714,628,2,pending
3d024624-4804-4d17-a403-15c5ada1c1c4,53f4227a-f9e4-4eac-ba21-b4db572edc9d,2745,916,257,1,pending
0878d1b9-1c4f-4c3b-9478-d0f0c928b0a7,68699d6d-ef49-4c98-aea1-74461352f162,1877,627,587,1,pending
55ae2fbc-c6f5-441d-b0e9-bb5b59756e1c,75f1609f-30b7-4ac4-95f2-77272d7834d9,3549,1184,849,1,pending
462f4645-a502-44ae-8395-b3aa2525b014,fbca8dc3-5416-4841-906f-b8bfa332b92e,1583,529,344,2,pending
f9ff255c-412e-4572-9d23-9fea8da2d059,1b2aa0af-55d2-4c5e-9b96-2183edf29d85,17369,5791,870,2,pending
77f5f7b8-9f22-4338-a006-c2c0dec76e7a,e9c482f7-8a1f-4d78-a528-d6c1661a2476,11870,3958,820,2,pending
efca64e6-7e5d-44ad-ac17-d6657204d1e4,50e199ab-3c01-4f4b-82ab-6a3ecd470909,8222,2742,941,2,pending
f13a6bd1-d126-4136-8fe0-daa79d97d4a1,a381fda2-ee3a-43aa-b504-736ab763eb79,12512,4172,193,2,pending
7cbe880f-77ec-4d5f-bd00-2a0ebfeb8bbf,71ba7d93-fed4-4633-a315-90aaae16b28e,10359,3454,404,1,pending
d770a64a-8743-4287-bd8d-0357b60bd75e,1a96a730-557c-4f84-b0dc-64337ce7e7a2,11024,3676,391,1,pending
c9d811b5-b90a-4952-91cc-3218f2a88443,7cc994b0-c956-4ed7-8e11-328728b2bfd3,16550,5518,407,2,pending
4bf351fc-73aa-44ec-85ac-83a3e7c81abb,17e0e4de-dc43-47dd-bbc8-abc30ca4414c,8923,2975,976,1,pending
e6b2a6d2-3a7e-4b6b-8661-6ad2d6d1b3c6,6b151810-2795-4a22-87e2-dabba6785cb6,10803,3602,259,2,pending
75757c00-337d-40da-bfae-3a5549558282,d75c47ea-920a-42ce-a3c6-bf2d160ca17d,4689,1564,666,2,pending
10a4b86b-dda4-42bf-a1b4-8b57eeb8a9b3,d86fa8ce-49b0-4d4f-999f-93a440bcfbfc,4021,1341,992,2,pending
57cd0742-1200-4167-8b44-648b1e7a1d5a,40a4a14a-3980-4396-8010-6ba48f8c7d58,44,16,593,1,pending
de50021d-c9ad-4a01-a56d-ebde4aa1f35c,55e4aade-d9c9-4eb7-b556-5fbc5d958711,8132,2712,196,1,pending
b4b713aa-c0de-40c7-8d79-90fe52027403,8a6f3ee8-dc25-4c75-81af-488ad927852b,11862,3955,861,1,pending
432c7756-a5d4-467d-b195-6ea1bce5e0bc,cbfe21d3-7403-45fc-b601-d7bd9e09736d,6822,2275,925,1,pending
b4ab1739-8186-42a0-8fd3-bfcc1b859f36,77a804f0-ba0f-4590-a338-abb8e642b8a0,6319,2107,386,1,pending
d0cab75b-3854-4ed2-a7e4-03d063efd9b7,e01773d8-e4b7-466b-871f-00db1e8d031d,11101,3701,432,1,pending
74c229ec-8a42-45b0-a308-c94154730f64,9cb4039d-8334-4e52-9354-d5002da0b46b,6015,2006,940,1,pending
b5978066-be9f-4f2f-a7ce-ccabaa6c59b0,0b2f94f7-e82e-467e-98de-5461ce41373e,8934,2979,414,2,pending
cee3d09d-64f9-4a7a-be3f-bdc89a7be9ab,fd358896-fb65-42b3-85a8-4e4afe83f58e,11931,3978,113,2,pending
6ea9019c-53fe-4203-8cf7-1b6e6d52daea,1db2c6f0-af49-47c6-8e30-4bc5e3240800,17725,5909,775,2,pending
4d7be2a5-f700-42be-8e4a-12f353cc8023,7d52884f-52e7-42c4-afe3-01d8b0b52d85,16986,5663,838,2,pending
4d0d0a44-cb0a-44fc-9dbd-0ab06fab1458,f4190ff0-5b66-4b73-8f50-f06ce0d457c7,4968,1657,504,1,pending
1ac48a46-a1b2-4fa1-959b-990f600747cc,51af3110-1e09-481e-9284-df1eea4544fd,16634,5546,262,1,pending
7016ff1f-e850-45d2-ba9c-23a9fb1dca4a,cf18649e-9f47-4b37-b9da-4e5fc46521e7,8016,2673,658,1,pending
b860c28f-ef9d-405a-bfcf-62f3b4105b25,e8dc1f38-83dc-4816-9a9c-762f27fec54c,17777,5927,512,2,pending
db20007a-d8c3-4ee6-81c6-4563a60fb6a2,eb95c9a6-a8c3-42c0-bd2d-15c8a4147afa,1821,608,786,1,pending
2d93cd34-315d-46b2-bf48-f565890ab13a,884e22a5-2658-475c-890b-9e277b0ebd4c,17160,5721,721,1,pending
0b7b54fd-1205-4c79-ac91-04ea01c3d123,5c5e5501-2a82-4748-b29f-0bf7bffb9e3e,9077,3027,142,1,pending
43a2ba4a-b4a3-45de-85e7-f7051b8f178d,7134a185-0ca6-4653-85e9-3dd0e2d7e626,11541,3848,799,1,pending
32aa82f1-de0d-4313-a034-017f6f3f081b,58e64f51-0bda-4e16-b53d-224d0e5abffc,12420,4141,454,2,pending
1c51194b-e160-4945-affe-21c42a5f01ca,85a2d5d9-1125-4064-8c80-9adc63fb7230,4502,1502,929,2,pending
2a7f1532-59a1-4906-baaf-a366cd3d065c,d658b2e7-efbb-4143-85f5-01d3ad2f46f2,5793,1932,515,1,pending
d8116f1e-bbe6-4800-9c95-f56125bb646d,165bcc77-edbc-4110-b698-fc2644150d27,12066,4023,803,2,pending
45055f88-908a-4a9b-bae1-517809f6fdb5,68e747d1-7f14-4c1a-8b9e-97de63fbab88,3264,1089,711,1,pending
8941fcc2-3102-4d3a-b8c0-b6a2e56539ec,d03178a5-ca8f-4000-92b0-38f483514686,3448,1150,326,2,pending
ccdf5e6b-1bdc-4f42-b1ca-ab9e3f813221,ab8021e9-0ee3-4de5-a934-e95e173aa57d,2405,803,800,2,pending
bc693660-18f2-4d01-9fc9-da253b61063e,08efcf4c-44f6-40a0-98e4-400a6a835a33,2846,950,176,1,pending
3086ea23-0b4a-469c-aab6-c4a08e04666d,e1c4a474-480c-4bb5-beeb-c96b4816840e,10357,3453,687,2,pending
291c73fb-c270-40ab-b5e9-6a72656d7ef2,3aeba3bd-c3a1-402b-8f0b-996cfc2f2bd5,16768,5590,427,1,pending
899d8e60-3ce8-453b-abeb-a42928678351,b8228a95-0af7-47be-95f3-f8819fc5688b,2957,987,987,2,pending
2295eb4d-bc5e-4478-82c4-c5a4308160d9,5fbabad5-7934-49e8-9df6-50167a9874cb,8176,2726,319,2,pending
cfe00438-083c-4b50-aaa7-260d43f6d6ad,e58458bf-fe2f-495a-a8f6-c633a46be7bb,14461,4821,166,1,pending
41d0b789-fb2b-4187-a762-25b98f49f54a,6ad0244f-2074-4796-9dfb-520f0bd7a36b,9800,3268,355,1,pending
fb9f3767-0bb1-46b5-a439-f4dfc9ca91e4,2a92fd76-806e-4f0d-8717-abef57ffa09d,16275,5426,394,2,pending
72c22ea6-e725-46ec-a7b7-c3d1e99c50f2,60db8251-f343-4f90-bd99-be7cd7d62338,6076,2026,645,2,pending
42e52979-fa88-4662-98d8-fc61c2901f33,c7111de0-df66-4d0b-b8b4-7bab01c6b924,8295,2766,173,1,pending
4807f41e-d45a-4d58-b2db-977f2c17f3aa,312c4775-2456-4984-8c0d-3ecbf57b850c,8621,2875,104,1,pending
dcf91d5a-5c33-48a3-a9b5-5462340118a7,67763278-f181-4be3-840d-e2e362e6ce58,1882,628,679,1,pending
421c7532-1544-409a-8ab9-25ecd2587d21,a5dbb341-9231-4ca7-88d9-fd98c1c56197,3043,1015,546,1,pending
d4cc05bd-5bea-4c70-a669-0f5275c1e161,52886f78-189d-4593-b23e-c4a0784f2397,15086,5030,647,2,pending
388cf8bf-2c4c-4feb-a018-5a7e334d302a,43eed7dc-74f7-40a9-adb6-99919751e8d5,17403,5802,443,2,pending
ed98bb73-e845-455f-bce7-490af84844ce,76a0fc95-528d-4468-95f3-ee28b9313554,11110,3704,996,2,pending
1f0d4be7-023a-423e-be09-e1f98c4e5f36,005450ba-b650-40ee-b53b-ec322402b02b,9645,3216,181,2,pending
0ee3dd47-87db-4771-a620-9310d790afdb,19f103b7-7969-417e-bbaa-470853a0b6fa,13751,4585,497,2,pending
9b7d65b6-cbb3-448a-b6e1-3580d9863452,ccb10acc-7314-411f-be2c-8bb5fab00188,1882,628,390,2,pending
3d454ff1-d905-4b5b-8ea7-906db84c5ff1,975f44de-bf92-479e-b8bd-ca2d2a94dd72,10479,3494,729,2,pending
8a353173-2705-48aa-b1a6-462b605ee4f8,8a711dad-12e5-41c0-873a-485bf1cad97f,3718,1240,485,2,pending
430aadfe-c15b-473b-b4b0-4197c9f5594a,ceb3ad33-bade-4d6c-b58f-6d79b600288b,9236,3080,486,2,pending
e434fb57-50a1-492b-b664-7d7f83002632,46459548-6c4f-4a89-8bff-e68670cdaa4a,12568,4190,696,2,pending
808ad3e5-8ef3-4842-8e56-6f6b50102d40,1da17058-e754-47f0-a13c-0552e6b2a06b,2097,700,176,1,pending
9ed14818-1450-4686-942b-548cabe6936a,ec6eced2-3dc9-4fed-8913-b71e86e08ae6,18000,6001,799,2,pending
d92fc8f1-ae66-4478-8c21-c51163380a35,412aaf27-71c7-435c-a764-f431e3b83326,592,198,352,1,pending
61c19f49-4f79-426f-928d-56d1bc99a380,22785edf-2a1d-428e-8c24-b70db7b40b16,12855,4286,991,1,pending
a3e72afe-7b20-4cb9-9ac4-fd331550d818,ddde83c7-a25c-4299-9add-5a34a9867756,15585,5196,997,1,pending
46963dfa-5db5-4f40-8be1-2c234cfc56ce,3d2632a3-bb52-4d91-bc11-c9de10b662d1,9578,3194,766,1,pending
68e00d73-1cba-4258-93fe-6121bb0f335e,bf20c9be-745d-4747-a355-71e66b5d0503,6036,2013,303,1,pending
71c816f9-04fa-4226-bd90-07d4975c8df2,959a62ae-8653-40e7-a50c-10730c92f86b,9865,3289,498,2,pending
52af5d06-e197-4a64-af06-a075a9f6c71c,4df6f232-aa06-4268-84ee-f12ba3e48069,17773,5925,298,2,pending
b3c9a82d-cad3-42b5-9544-197e92f4b96d,a24b7269-e798-4f72-8f7e-c2ec860a48e3,11010,3671,921,1,pending
525bea4c-36e2-48d4-a38d-3f5d071176a0,dce490fa-6648-4b1c-8100-912a2c9a0035,3255,1086,609,2,pending
1b5795e9-c5ca-4d4a-a598-1bb327ee6e80,e42d3a9a-2426-43a7-9cef-0fa56773a252,826,276,627,2,pending
af57ad9f-8649-4c66-b658-c0a7ef508c5e,61805fa0-4c96-422a-a8dd-0b0625305dfa,9986,3330,570,2,pending
f3b4b380-a23e-463b-85ef-9583a99c91a5,91312144-3223-4b93-bc25-459943b0d634,9392,3132,888,2,pending
47da9738-18a8-4304-97eb-0566a319e865,54080fc2-7820-45d4-9ef1-8aaf2c563c76,5494,1832,948,2,pending
fd60a1fe-a547-4141-82b1-b800754fd451,76d94996-8759-4418-9be3-74ade283a597,13787,4597,719,2,pending
56b05503-9178-446f-954a-8b7f06209fc2,8d65f68f-4c65-4e4a-9bd7-c1043e7418ff,3911,1305,823,2,pending
6cc27d37-2261-4343-8d5e-facc74735be7,4a1aadb1-04e4-4929-80b6-8d497613e49e,3240,1081,616,1,pending
f11ca7bc-4ed8-41d1-90e1-15459cc4d45b,f495c827-0baa-49ae-948e-31cddc62b32f,5096,1700,472,2,pending
f0f5685d-fb43-4442-96b8-17916aa3ff24,55789c01-d8bf-4c83-85a1-36769ad44525,17318,5774,581,2,pending
ba60ddb4-bea8-4c9a-83ae-374b35c37bf5,4e602fea-e3ee-42e3-a8a5-7d3487069062,12170,4058,777,2,pending
4f448b0d-e27b-45e6-a819-2bbc0e28d887,85781e2e-4e3f-4b44-b0d7-c92b1ac4abe9,14540,4848,816,1,pending
2be31a8f-5141-4c6d-a8c3-5238bf3fcab6,de1c304d-0d47-4661-bffd-7586769a9db8,8651,2885,515,2,pending
ab842f2f-d138-4019-84c7-cf391ce7b9bf,1d11e531-0d8d-411d-b181-517df25101b6,10741,3581,522,1,pending
ce844ed0-aaf5-4d3b-aa3f-5295f9926ad2,4c65149c-ec70-49f2-9919-282a9ddd8cbb,15248,5084,891,1,pending
52ad2869-1384-4930-8ada-44253ed938f6,3d4f008e-513c-4f09-b60c-a7a2769f0d99,14480,4828,241,2,pending
e70161ce-8f6d-41d7-887e-5429a0e86d10,8adaecf9-a092-404a-8bb7-51ceedada72a,4916,1640,454,2,pending
5b810e01-3886-466d-8a6c-d78e53162b99,7cc270ba-c5bf-4d9e-be87-310699cc51c0,13975,4659,442,2,pending
552d388d-bc05-42b9-938a-459fc63c2886,a9ba19e5-1178-46f1-b429-e032287d2a1a,5931,1978,395,2,pending
e35745da-2774-462f-8145-10b44631d263,ab9564e4-87e5-4df0-be7a-fa0e23d1b02a,14178,4727,570,2,pending
f4be811f-bda7-44d4-a938-7e74d605cf49,7007ff5b-51c5-495f-9996-fb5dd0ce237a,11844,3949,666,2,pending
c348d065-aedb-4e06-8c15-383fff583c44,fb3d4f61-4b4c-43cf-a3e0-620be4ba2734,15926,5310,631,2,pending
bc41966d-85da-49e1-84ee-310e9adb67e0,a9475c41-2cea-43bc-bcfb-7d4dcb32cdf4,11028,3677,643,1,pending
7688baa2-0d0c-48e2-a325-c128aadd97c0,9a0d2809-242a-4a0e-a18a-b2afcfcb4996,8365,2789,622,1,pending
d91e0e96-541b-4ad6-85f5-1a295bf2f89a,e7ce9536-4114-4f70-8ddb-53f5ea555aa4,6898,2300,567,2,pending
83b73726-cd3f-46a0-83eb-6886a0f4290a,8ca9fb5b-c1a2-4bdc-b5bd-19da7fd5e487,16172,5392,423,2,pending
96e1710c-1cbd-44b5-a767-fe59f47d4ba8,06cbf43b-f82c-42ca-8c35-912a05869f07,779,261,810,2,pending
d35715b3-1e33-47e0-8bcb-c7b7c1d72dc9,d3e064a5-06a6-49a3-a286-355a810c72c9,7266,2423,640,1,pending
a886d49b-4b94-4ef0-8285-74982bd9ab93,b69ecd8c-1e25-418d-9a14-f510dc9fd029,8798,2934,125,1,pending
6587874f-6c15-4b16-9f57-494f47d4dc7d,77de4385-631c-4ecc-815d-f74d6213d999,12375,4126,259,1,pending
235f7543-edf9-4aa2-a800-2f2df3bd95bd,85942995-d915-4ecd-a258-e66a25a0bb00,5825,1943,213,2,pending
94ba16e7-3734-48fb-aad0-83632489b354,e5ed86f6-8ae1-462d-9ba2-5fd6d5586312,3552,1185,678,2,pending
f7da4184-51cb-4846-9c88-a8cc1a29564f,495b0c81-d0c9-4e6c-bfa6-119454d85b4a,5256,1753,119,1,pending
5f2c8760-312c-4372-a0e0-7ec0396dc6bb,a4a95a3c-5f44-430e-9d20-cbfd02be6a17,17145,5716,596,1,pending
aa74c063-93c6-4939-b3b7-3f1d4efbf4f1,3e3df73d-6bff-4ba7-b7e0-516a93e7dd03,4869,1624,267,2,pending
e0738e31-1617-4907-a72c-6e7b9bffdf6e,51ac8b0f-d91c-4abb-85f2-4c3f45ad4870,1330,444,604,2,pending
08bdc025-7859-48c1-83a5-9bc204af5965,1cf643d1-e6bf-4af7-9387-e25fce316f22,2275,759,904,2,pending
53e328b6-e2ee-474f-8646-90a6fd5e5e13,d7e54433-7a2e-4049-8410-149d1617e335,6545,2183,918,1,pending
c124fc63-2ee8-49ad-bd9e-e908a6a91182,5849b728-743e-4d61-a929-92a4aeaa3087,9728,3244,361,2,pending
f8710b91-f78c-4df5-aa73-ef512a84c517,eff33f98-1655-41f2-a8f0-87adcee51744,16821,5608,568,1,pending
d55cc91e-fd52-4a2d-ac66-8b3ff5726f17,7a51f877-5967-4ffa-9acf-b7937039f35a,16422,5475,158,1,pending
3c31483c-6134-4364-aac2-fd167c26fa60,12b6d62d-adbe-4c8a-a5e2-8efdb65850bc,15580,5194,313,2,pending
6cc00425-7229-411a-a1db-5885899e60ad,cf18a7c4-043b-47aa-952d-4c03d9bd51e8,4218,1407,888,2,pending
b84b3946-7680-4250-a783-3417c18627eb,f7cd3426-5b92-458a-b626-a90e7f15930b,7379,2461,110,2,pending
2940e2ff-a377-4e3f-84a0-603e18154dd9,9d33f07a-8e01-49a0-b9bc-f72dbb446ed0,2428,810,127,1,pending
8f5db139-7e3c-4657-a3d4-13b07c344d4a,c4e24246-5622-4479-bf3d-3b857436f159,3655,1219,363,1,pending
5c0c025e-1be7-4fa1-b50b-a9d46d859274,4ce7ec74-4e0f-4098-aa1f-fa597882c12b,970,324,173,2,pending
f6bebbb4-b768-47ba-b968-5448120e5444,cd564f02-7932-4679-bd50-ccc1580121ee,9125,3043,363,1,pending
76a7e740-2c6f-4b6b-bec1-1bde8c4b3e9a,48483008-9a6e-4898-ab96-e8b8c5ddec32,128,44,697,2,pending
ddc57f18-03c9-4790-8a93-0bbf8f392c19,0c57ef16-1842-49f8-b30c-189813ded0bf,3387,1130,781,2,pending
6ce4e891-a95c-4942-b2fe-771c5aa24760,23f567bd-3d29-4a1a-a2d7-82d49b5d438f,8321,2775,709,2,pending
7789b152-1723-4bf1-9aaf-2e4edb89cd47,28185abe-96e6-4e59-b6ec-c172120da11d,1131,378,589,1,pending
74e599a7-c3e9-4447-b364-5d605d3a73e3,40306264-180d-4cd5-bf5a-d4a491b15416,573,192,966,2,pending
2e019226-32fd-4fe3-b120-a2d5996e7560,48bd201a-cd24-4d78-bd3d-a930d442015b,8622,2875,392,2,pending
3b3b65ba-b3f3-4514-8fcb-d13dfc7f40a1,b3405997-7030-498f-b938-126baea4b349,10750,3584,594,1,pending
c4754e9b-f86b-4518-99c4-f73a4f486eef,6274d78e-cd9f-4dcf-ae96-1ef5c74ba1cc,6774,2259,675,2,pending
4d175edb-5566-4ef0-b230-5170d2ac4550,bf828a2b-e29a-4f68-9282-cfce5b25fb42,8501,2835,436,2,pending
800a6e0a-f7bc-4a38-a916-abcc75059539,7b0f459d-363b-4d13-93b8-a574a9667f74,2406,803,214,1,pending
5cb33a5d-f689-4ec2-a8ef-5888f4dc667d,d1e42a26-0f31-4f84-a865-a6db8fb2a66a,11045,3683,147,2,pending
b25eab40-0b32-46d7-84dc-2f5abddf95c8,c43dbfbb-abb2-4a18-9d89-8cb83509393d,10571,3525,707,1,pending
8b3b0c4d-56ef-4c2f-a178-9f9f37cea0fa,f62cf96e-2603-472f-9be7-7a8a991773b2,1318,440,120,2,pending
dd18f9be-239a-42dd-bd40-1424ad3bb90c,46c34f69-20c6-4eb6-a5ad-0b1c9b373e4a,9074,3026,802,1,pending
eac373ef-4fb0-4a9e-9f48-929ff36078d9,c2c7e1ed-8ffc-49c4-93de-6af2108b0d03,6463,2155,125,1,pending
9e5f7f8a-aec9-400b-8206-a8edfda293f4,446d8d31-6392-4e13-bc96-16ee42abf44b,1579,527,685,1,pending
0b57eb71-7773-4f64-8853-b635df47e0ef,87c0de06-5af6-4e33-8293-4609b7cfbe67,54,19,676,1,pending
f304efd5-93ea-47a0-a39a-0013b6fa9209,09758808-f5ba-401e-ba37-07a2be2e960d,337,113,701,1,pending
60fc459f-5e07-4c15-a5eb-4145ad8522b4,3e7459db-c07e-49e6-9105-3d58893a9b49,11274,3759,988,2,pending
521f3688-a7bd-4bb7-9735-07d56d31b49c,5a573c70-6fe5-4b73-bb2b-24ba88099d40,4951,1651,265,2,pending
57a54c74-0d24-4c93-a71e-e6e40f6e632e,aeee9430-f4cc-47b9-906f-af5377fcde34,12845,4283,615,2,pending
ff096b8f-be52-4aee-baf8-c30da0fee3b5,f706c36e-e0b8-4532-96f8-16838ecaff83,15527,5177,326,1,pending
0869f522-6eec-42fd-bb08-5824d3c40dc6,8679e368-6163-440f-a224-d00dcdda090b,17772,5925,680,2,pending
5e917f34-9899-4d42-b845-9aed6c103648,18cff6f0-cc5f-450a-b389-e68aa7774e36,8832,2945,893,2,pending
63db9029-dd64-4240-8320-59dc85add660,822568c9-7f0e-4ef0-987c-35f493cca98b,12384,4129,566,2,pending
4a5c2261-3488-49d7-ac0f-e3bcc874bde5,04498c49-224a-408c-8933-d2858006c58e,17437,5813,225,2,pending
d96d0833-505c-4872-94f7-8ecad1571e35,70fe944e-a9e5-4de5-83b0-3c9bd97dc11c,3242,1082,441,2,pending
5e0fc668-8022-46aa-a856-8dba9cd3c52a,63e0bd86-866c-40ba-bd3a-f8758cca80c9,15875,5293,805,1,pending
f2de77e1-d435-423f-a7e6-9f1d11ffe337,794f28ef-dbb6-4c6b-bd21-99db6b552fa9,13892,4632,130,2,pending
1fd9dd77-2c98-4443-b83e-98f1e44f41bc,97d4dc47-b41e-4293-8cdf-84bc0b298c8b,2557,853,100,1,pending
9388281e-5717-4f5a-bbaf-3fd0fa9820ee,16dad292-911b-49a3-bea1-fcd0c7920dc7,11544,3849,360,1,pending
acfa7381-3e21-474b-8281-8961888abebd,ab900d62-41bc-418b-8ac8-6e1cc5ed6a3d,9390,3131,556,1,pending
a481d888-a290-4f1a-9bd4-f49c5c926de9,1a9f8859-e8cb-45c2-b3a3-55a91c357ae5,2967,990,858,2,pending
1bb14f76-e222-478f-b65e-e4cee8e3b2b4,8bde5804-6a63-4b28-8b78-7b942c240549,5135,1713,860,2,pending
dd46003a-3170-478f-b2ae-adbd30221506,69c47a16-494c-4ffd-9cf2-3cef10d10446,11757,3920,183,2,pending
4d650074-6dce-476e-9673-399fa77c41a3,67ec0e2b-782e-4ff5-81d4-7d5f566965bb,14819,4941,519,2,pending
233e4173-6499-4f9c-ad97-b7cbe85cc77a,54bb0408-b76b-4d64-8024-83d8b22edf6b,5142,1715,107,1,pending
7059f11a-48ce-49dc-aa44-b8d0bf481beb,b8443dbf-0991-4a6c-a152-1805347dd4c7,15960,5321,310,1,pending
b0df96e9-8315-4e03-8a15-90c55ba747f6,ffc35941-b4ce-4903-ae3f-cd69c3bf3456,1933,645,510,2,pending
a8721179-9907-4759-954f-9a16055004a5,1fe8119b-8e86-4ba6-8acd-a96908c43be2,3146,1050,840,2,pending
04364daa-b488-4cc1-b7f2-b8ec8c08f6d4,8190ae31-474e-4842-9a0b-580d1dca0eac,6645,2216,780,1,pending
51e0392d-ca04-4b41-80ca-0d593f7980b0,c4478756-a826-45c8-aa62-af653dcbb01f,4066,1356,488,1,pending
72e5158f-e6b0-47c5-a0d0-6ff8deb66004,a5e1da2f-d2c0-4932-b894-27ba39669d07,5735,1913,361,2,pending
ddf00bc4-092e-43ad-bba7-dba053815a42,90878410-4e57-4c4f-9db7-103ccd9ce3c3,17886,5963,599,2,pending
c0ef3b23-15e3-4a03-a2b9-053ffb989f9b,5da419ff-6ad8-45bc-b5f0-a721d876684b,7581,2528,977,1,pending
ed24a853-f281-432f-9d15-02a15b554f7a,ca3d4d0c-7cca-46f6-92da-8c5503f970fa,1178,394,487,2,pending
39b69a9f-9cfa-4629-864c-e6e1110a1cd8,80d45b82-17cc-42e1-93c5-86911279d7e7,3772,1258,387,1,pending
98518c08-0dce-4cd2-af16-c2af47047423,8084089f-04f1-4988-a345-3a596f41b7a1,11506,3836,308,1,pending
9edadb42-b7ef-400f-bdd0-4e3db9e04f64,4af6766b-b28a-4a6f-8ade-ce98cea761cb,3730,1244,562,1,pending
3f465b07-42eb-4fb4-a5f2-c4572469e67d,bd3fed00-78e8-4fdc-bd39-d756184722ae,17954,5986,273,1,pending
54545347-c682-43fc-90ee-44f85a571bf9,a5e412f7-5530-4e37-897e-36d5e3b12184,15462,5155,739,2,pending
3fedf840-ad7b-4234-88cc-8cf3d0e91589,3f2058a7-4ba5-4ac8-af62-895327fb9543,14695,4899,787,2,pending
5d38d35b-f554-437e-a681-2006a245ecff,014a9473-2f73-4b4a-b711-5b0e48e4ca0d,6342,2115,661,1,pending
4c5741b1-8178-4bcd-acfa-173ae8d09a0f,2e2ab78e-bbdf-456d-9385-0fa5c3d7b676,3448,1150,886,1,pending
b0cc6f25-8932-46a4-8bb2-568cda4a4785,a9f4aa68-e4d6-4288-b1de-acb5701a2fa0,16662,5555,505,1,pending
cc773e19-f7e7-402b-a64d-9f994862e8d3,8e381979-6fff-44f4-9dfe-672b948026a9,6148,2050,379,2,pending
b2a8decb-58db-4214-8364-57212db64427,b14d531c-1668-4de6-b977-e1749489a392,11189,3731,435,2,pending
36d0ae8e-2094-47d3-ab01-9b6f3131ec04,aa8af295-e317-41c2-829e-e803bb5b8def,8996,3000,974,2,pending
d197edda-7334-43a6-8fae-f60fba5da473,e3c1b1d1-aeef-4014-ab9e-5173eebace86,1529,511,575,1,pending
77ba476a-aa6d-4cc2-bda0-2359cc0ad14d,60cd1c11-6865-4941-9c61-756ff83bd3c7,8086,2696,552,2,pending
52557c80-41c1-46bb-8e92-97f8286306f7,8bceb539-4c64-413d-abfc-26a650d2e038,16022,5342,555,1,pending
6f49193d-f2e5-4f74-a6a4-621ea38991a5,e39a0041-77dd-4406-ad25-bc553946f503,3347,1117,375,1,pending
966f2ed1-442c-4eda-b6fe-aafa5bf728d8,3294792c-16c0-46ae-8341-6328eecf7890,4825,1609,569,2,pending
0d7b4547-4003-4d0a-916a-067b96ace768,b70dda2b-23c4-4059-afb0-711da992e6d1,14322,4775,787,1,pending
3247945c-3eb7-4211-bbbe-e40ca3b6cbf1,288ba0d7-805e-4e95-81af-e17e4567213b,9161,3055,899,2,pending
0132baf8-6f02-4209-b0c1-74f146315f7f,63d7324c-3f1c-4ff4-8ea5-893a77ac2e92,8502,2835,808,2,pending
38bc0c83-5b82-4ca1-92e2-e4b5530119e4,e6761e79-34c9-4943-b110-846c36ca5377,7088,2364,382,2,pending
f834a8df-7cb3-47a8-b6d8-40afc327d397,81f48a43-0074-4258-a347-0151c459c5e9,3054,1019,925,2,pending
61eded1e-437b-405b-93f2-27d4b0198bce,a690b6b4-6485-4790-b11a-032b47eb1418,8212,2738,226,1,pending
bbb04356-b658-4e0c-987a-72a9b054f734,4e8b9a7d-9c0a-468a-bc34-4385c15924c5,12674,4226,141,1,pending
2a59ad36-8de5-4311-ab99-92c573818cf3,04d3c671-824e-4267-8b8e-c6be295bf650,1545,516,484,1,pending
4c96e34d-6a4d-4f54-a0b5-a99c40d1d9c4,6b5fdf17-12a5-49b4-a599-ea4901d2277d,8461,2821,976,1,pending
cc7c54f9-5440-44a6-9294-f9577b8e2ea5,09baaee3-ba55-4662-924d-686692575c2c,17374,5792,605,2,pending
9ea03181-eb58-4bc0-a043-e2e34479b028,faf24ebb-08b8-4715-8a8c-06df1f14869d,9145,3049,841,1,pending
90f56840-5a20-4322-842e-c7a2109eb6a6,240f719f-4c5c-4a9b-b0a6-ed3f9bd4c02a,1770,591,433,2,pending
2d7f6143-ec8c-4d57-b701-befafa85fad2,9cbf3108-44d2-4403-9ac1-8dd3dbf3b50b,16020,5341,873,2,pending
cca18aa8-a651-4a46-9adc-119c6620eeae,a65e2869-6f7c-4cde-890c-ade9bd52dbd9,15647,5217,618,2,pending
6b665f13-cfb9-4228-a635-6feac8352369,317f7320-26c2-4fbb-8ea2-1bbce1265e17,14834,4946,696,2,pending
662fa379-677e-4645-b99f-e6f308faf5cd,0bd4c33a-b1e3-49b7-a812-f39c132cf9b6,14434,4812,472,1,pending
2119145b-11dc-42ab-87db-c4d766dc1687,49cbc6bd-180c-4da5-96a4-7e5f3f04c809,12327,4110,416,2,pending
466a98ae-0c41-4fb8-a46c-fcd4a24c71b7,5079f5db-cba8-4d34-aedd-fe5690f22fdb,7770,2591,369,2,pending
469022b5-a1f7-4095-a234-b77c8195e392,d4c92ca4-99af-424d-8e56-bf7768a38bcd,16117,5373,737,1,pending
8dd44cf1-2d26-4e74-80e9-19153ff226d2,9d3115c2-3ce6-451e-9226-322f1316691f,14281,4761,301,2,pending
998daa3b-1ff0-4053-97f4-860bc0ba7103,c8cee25c-7a16-477c-bc75-fe7131ba7ff0,3074,1026,176,2,pending
eb2b89be-6d24-4ecf-b24d-96a161f94754,1425b4ea-79ca-40c2-9fd6-e9624a4fd6fa,523,175,342,1,pending
6f3729e5-6880-4090-86b4-d13f6ef2f655,29970640-6223-425f-bb80-4ba69ac85243,10664,3556,133,2,pending
cc061e3f-3dab-41bf-ab5f-0b0f00a0ad1d,193e349a-86a9-4751-a755-543b4c80efd5,4353,1452,783,1,pending
67fbaf1b-6f6b-4cdd-a4f6-5d2d52343adf,7c56a4da-4fcb-4dc7-86ec-cbf3bbad0d75,13314,4439,981,2,pending
213900e4-5bdb-48c1-9f0e-3b662d4d7fc8,77d0f7bf-28ac-42c4-8104-a83bdd347759,3766,1256,862,2,pending
e5215329-df80-4736-bc5c-936dd9328abb,824836d7-0383-44ef-9626-7cc7bd7e91ec,12365,4123,163,2,pending
64a9eec1-c7c1-4c7d-836c-e8d77b02136b,f790b30f-fc0a-475b-b06b-bc4984c81389,211,71,327,1,pending
59508a4b-9cae-4050-9f48-97acc0d235b6,611d721d-1f0d-4f3a-9f8c-0209fdfe71e0,8088,2697,569,1,pending
34fe24a0-630d-481a-8fea-9ebce1cd9d4a,62f50de0-dfd6-4824-90e8-7be45a77bce2,10891,3631,721,2,pending
11ac3ff0-6370-40cc-8209-6acd6e594246,210f7178-5dc9-4530-92e4-6374e38c2515,7499,2501,110,1,pending
27e8dbea-d5ef-4dbe-aadc-4f8b0b3e985e,bc6b34d0-5e00-4fc9-805a-33bb148d470f,10426,3476,600,2,pending
32321922-3fbc-4846-b1e8-f3a3ccba227d,8eb70346-b93f-44a4-a13c-7ee02a78dfa8,9827,3277,153,1,pending
55283c43-8a02-4033-b34d-2b6b9d2a71af,637553bb-f251-4789-a77d-4382d99f0002,3610,1204,950,2,pending
1af5e8c9-5149-488f-8cea-f6f87a1c7139,fbab8fec-9356-45b8-857a-bb487d3f9924,3987,1330,406,2,pending
7536c226-d00b-47de-b628-97a9fa472b92,17a91aaf-73c9-449c-ad04-67b3f4c23da5,191,65,893,1,pending
19efcd74-5e37-48ec-be3d-e52eca2a4e90,b373686b-5708-430c-ba1e-eaefe8d77460,15346,5116,341,2,pending
356ec0f2-d74b-41a4-a66c-ab3504340fd7,ea763aaa-c7b7-49aa-a116-acffe9006d13,9527,3177,639,1,pending
a09dcf9e-c593-45e4-8c74-b2d764cf5b86,01fade91-2336-48ed-97a7-eeb6d235010d,17446,5816,116,1,pending
f3ce174d-bf13-4315-bba7-5ff8182e6ff1,c94fe95b-e748-4cda-864f-bd706e8a8b98,17079,5694,839,1,pending
ec841633-f45e-499a-925d-44d3c3b8684c,363f9218-c3a0-4cff-92ea-f0e3b43abba2,6668,2224,531,2,pending
d41c05cb-becd-4756-953a-abacb5d09c0d,a9d9db70-1763-4383-b765-45c4f470383b,4403,1469,691,2,pending
fa060212-f53a-4928-bf98-b263de30c885,aacba0e6-0e69-4e7e-975d-ba627cea2984,12052,4018,678,2,pending
f9b5e825-fd87-4e97-8162-515b81558c9e,c572890b-ce45-463e-a00c-f114aae9ab3b,6047,2017,958,2,pending
bcf77f05-7550-479d-9e0b-d511718293f3,3872ea76-ebfe-4a78-b4e0-33c62e2aea01,10480,3494,212,2,pending
4cd1aa99-45a9-4acd-a81a-7994e5fda924,e4fe8405-9f91-43b8-8cdc-a1fba2c7fb12,7547,2517,533,2,pending
e07ab5fa-82b0-43c5-a1a3-92901ea7b1c1,589569a7-7e15-4321-b7a3-1bdd5b64ed32,1214,406,716,2,pending
7fe2fe33-747b-46f3-a330-d8e5ae2ade95,6a7a55cf-b2c7-4666-8cbd-ae5e5fce7e29,15318,5107,807,2,pending
7eb5e854-2876-45f5-a6cc-0685a3d03064,4464f280-2b30-4624-98f9-ccac76ce895a,12204,4069,810,2,pending
f251dd1e-8d69-4a45-a6e7-b631077a6e0b,aa87d8be-3c87-46cc-99b6-3b90bd67dc56,9949,3317,698,2,pending
9312f1e4-3f48-4bba-ae48-bfb12f69a7e4,b652e427-10ca-4629-a26b-64b636a19d01,11058,3687,845,1,pending
0e9faa89-1e43-49d1-906d-d701d4bec21f,9d6d1e04-d43d-40e4-a990-61744ca998a2,2367,790,915,1,pending
7239b4a5-3f89-4636-b8ae-01306ecb20f8,19816761-d094-49ab-8526-7b16bee3ca52,260,88,722,2,pending
1c4fc5f9-7fbb-4dca-8b86-3b3bb235d4e9,cfe29360-33cc-4d1b-9226-648595c662e7,13796,4600,690,1,pending
31e84b85-8002-4a60-809a-0bd7a70b4ae5,5d7db06b-042a-4451-9523-11075d4c6d8b,13349,4451,219,2,pending
186b9ed4-dcfb-400c-bc0e-36ad0279fd93,5683fab8-7e96-4f90-a70f-ce32906b3620,15386,5130,267,1,pending
8eb109ec-7753-443a-9a66-91217c6852a8,b6123c1c-4635-4f57-a7d2-dbc63c3b7ff9,12871,4291,788,1,pending
11a96061-6ba9-46c2-9e6e-864dda992305,c43ddb88-841c-42cc-bafa-00628e91958a,1310,438,813,2,pending
9cd420f1-02df-42c4-889e-2fd5d02d9e80,d81ca213-9244-4029-a9a7-4acfa567a844,14752,4918,355,2,pending
764e1d33-28f4-4c59-8b99-a6c67a055bf5,e19d1fd7-e37b-4781-a049-c4b12233a027,4307,1437,567,2,pending
18c361f2-d08c-4a18-905a-7f3b38a57d68,c8a6374d-37fa-4b57-bdc9-a6335e1de220,11896,3966,437,1,pending
594ac225-822e-4a2d-b3d8-2cbb64094fd2,547d0596-680f-4281-b9db-8dcda0d6992a,9883,3295,273,2,pending
a332718b-b950-43ea-8df8-35c174cb699e,8ef187ab-2b41-4196-961c-6f15bbf9d1bd,6827,2277,270,1,pending
3e97eedf-cd5e-411c-8cdc-553da68e49d1,354d7a76-0de8-42e6-8629-a3c2e4c6ed2b,10704,3569,270,2,pending
a303e672-361a-4c0d-982a-897c97b616c1,737c7453-0fd7-4a41-9e8e-2c8bbff8a0b8,3496,1166,910,1,pending
cd0ea68b-83ca-4812-b316-409d36037012,1674c933-e02a-439e-9fa4-2969821d9afa,12245,4083,767,1,pending
7ef8ff83-0148-4a7e-931f-8bfaa999289a,0df37309-a322-4c27-bf27-ae31483b549e,14037,4680,256,2,pending
16bd7753-7065-4276-850c-13f453a9c9a5,b0a3db40-8c41-4b18-899c-33c38999901a,771,258,614,2,pending
cff1689b-ab9a-4eb1-b7f0-0e4d17582873,c6671144-7883-476b-a7c8-d7b8b896970f,1007,337,461,2,pending
0793f235-8e04-4325-987a-2ca70ea179b4,36475781-0f40-4fb2-86ad-aee6851e3093,8970,2991,525,1,pending
781f94b2-2a7a-45cf-9992-eb2235486072,347def82-7e86-496a-b1a3-6aa95f12731e,17570,5858,350,2,pending
60d12bdc-b128-4643-b518-452d57f4f92b,1b75f1f0-763d-47b5-a51e-fc4b483b6cce,3098,1034,261,1,pending
9f2feea0-362d-4d8b-b531-a2a870c5b796,a6fe8ad8-135b-4fad-8f16-cdbb776ae56d,5240,1748,101,2,pending
e1962caf-5b23-4069-938c-08ec6967c130,955335c5-4a45-4d84-98f3-b01bbbb63556,12631,4211,516,1,pending
e4da516e-fbb9-42c0-bac0-e31dfeb38a80,41d9cc3b-5941-4da1-95f9-f2bb7ff54ed6,16368,5457,731,2,pending
8ec8e1cc-3dc3-482b-8ab6-d4d69ac340a2,b31cebc1-3c64-47e1-a139-d83fd4e905c6,10631,3545,937,1,pending
00090b61-7355-49e8-a1f2-da6ad93c8604,212f7296-dfac-40bd-8edc-87d63fc71800,2401,801,400,2,pending
8b26373b-1206-40fb-83a1-475843d3ece5,65d841cd-0e7e-4769-838b-3f2b5ff44846,11540,3848,567,2,pending
faadc062-d2d4-4ad7-bacf-e895dbaa6ab2,7974a3b0-7931-4a6c-a50e-af6f02a46e7a,6076,2026,507,1,pending
c9804427-32a7-4933-a340-e8afb1b9bca7,ea9d213b-c4a1-4cd8-b6a2-808e3af05b37,9710,3238,586,2,pending
fb4982a7-0052-4fa5-9537-943aada89e7c,097e7752-9364-4933-a528-e3ae3ec311ff,7632,2545,594,1,pending
f25900b2-935c-4e95-9776-77fe193642ba,d63e9b6c-8fbb-4a90-a8ad-fddccfd53585,16017,5340,427,2,pending
064383b3-fd27-4e09-9f22-b76322fee174,cb689ca8-34e8-49dc-ab89-690972898647,9827,3277,365,2,pending
08c46c4c-afbe-4a75-9d7f-491b0952e0d0,e14ab5d4-9842-4fd6-8818-01e72905bbfa,10966,3656,297,2,pending
7d5186f1-f0c8-4eb4-9877-8230517c3ea9,14afa92f-ad00-472b-976a-c5f6c98e91a1,14410,4804,183,1,pending
fbdab97a-f011-4e19-879e-9427497b2aca,ae41841d-9b94-4c15-a4ef-736af47a48ea,12921,4308,877,1,pending
530994e3-2fd3-49b4-b4ca-8b6b0c8842d0,1e995164-ec5c-4756-b717-54a82c28e6b3,15373,5125,933,2,pending
a2a4f981-856a-4303-86ef-3e6008581f2e,f081ab8e-e2b0-420c-a17b-cd82f2be947c,15689,5231,935,1,pending
0b125b0d-2c97-480d-bc66-ba412960f1f0,fdf12ee4-7732-49a9-8fe1-96d71e2402c2,5229,1744,478,1,pending
184266fa-74a5-460e-86f1-7dacdc288585,cd177652-e688-4a19-85e4-39b59f3979b3,16197,5400,474,1,pending
3c860483-8c38-4e18-8712-3c79422b74fe,8ba63490-8c5a-4879-8545-af899d61b3a3,6213,2072,559,1,pending
f987393f-bee8-4792-80e0-1396ed9f0c3e,f2e9af51-4bba-4f78-8ffd-d4260c5ce911,2799,934,513,2,pending
cfa2ecd6-dab4-4657-8707-e13c9be9c5a8,fb2c7b32-a335-4263-a3dc-3414af8243fe,12633,4212,604,1,pending
ba4f07bb-fca9-46c5-a360-0e0d13138391,b96acd2a-9824-4bc4-87cf-1938e19361b9,1004,336,601,2,pending
891825f1-930c-4e79-aec8-c87da57b1509,cce2f72c-fb4d-4f35-902d-12b0088b1b0c,12643,4215,684,1,pending
bf077abc-6ca6-47cc-80a8-e69cab9a1444,29e2c771-8d2c-4f2e-98c1-67a5791e4917,214,72,677,2,pending
eb11f081-a5e6-40dd-91b4-99c4d5836b03,f118c4fb-f7d2-4599-86f3-48c943e1cc89,17651,5885,593,1,pending
c7a4c6be-66fc-4abb-9491-d28241070293,9822bd41-e457-4552-8b16-d48f7e475485,6823,2275,859,1,pending
442f27c6-a073-4a71-a565-156d7983892e,86a9c268-d54d-4787-b72d-c0eff2a5f30d,9057,3020,448,2,pending
5fffd626-b129-4a60-96e9-8f40544f9b08,ded75b7f-6071-4df9-a262-3132fdc5f39d,856,286,780,2,pending
29f39958-9f0d-442a-acca-ff6d34fdfd47,3f55ee36-0e93-4f87-a878-ab01083fe613,16436,5480,386,2,pending
f24d2701-5260-42d7-9f2b-f4effc8de927,83ae851f-9b84-41cd-a28f-63d9d3e2934f,14538,4847,646,1,pending
72c42f17-22aa-4e2a-8913-dec8c47a410f,deb03b6d-bbdb-4a33-8a13-4b64b90acb16,4778,1594,364,2,pending
0ee4c70b-7757-4167-9bf4-6c8aac9ea406,9c4faeef-67f3-4187-9c37-2eb158a7b2c9,10983,3662,310,1,pending
2c93f951-0407-4295-aa39-05add13083af,b45aba0c-42d6-4597-a499-82c20dbb4a25,6195,2066,299,2,pending
623326f7-69c9-47d4-807f-df24cf9305ff,91440d3f-05d6-4d31-9529-233cdb3edb30,15355,5119,423,1,pending
2eb1cf96-5ef0-4d8f-88fb-a4fce3e3f5cb,c789f01a-5479-4ab4-81b5-da3263594218,10439,3481,202,2,pending
dad37c74-5534-43d7-927c-2921cb6279ce,33e50976-3df9-4bc8-8a66-e322dcb95c2c,14287,4763,302,1,pending
f815c889-4ca3-4ed9-8f38-e7cf24fb3c7c,a445d57b-b39b-44e6-a703-acb4bd68438f,11162,3722,946,2,pending
e66cc1e2-0a1d-4992-ba28-c274ec866da2,25e8969f-e7a8-4b74-a914-9cee3f7fe3a4,6752,2252,941,2,pending
bd77695d-ef57-49a7-944a-1898898becf0,7e490d76-746c-4b34-be6b-4cea14793edd,2206,736,188,2,pending
3726ac07-b8ba-4adc-9ab8-33e12ed6fbb5,cd90b2d5-f611-4562-83d6-4874a69db3ae,10425,3476,434,2,pending
10c01d9b-739b-41bb-b9eb-7b1bec743a99,b7437fc0-21b7-4f9c-ab75-3b2752d88655,6907,2303,315,2,pending
095e82a7-287b-4001-874f-1570cd0abff9,054ef564-a23b-477b-806d-57def3b9d45d,10500,3501,927,2,pending
723f81c0-01b7-4d13-9882-9833c12f560a,5c789657-3848-446a-8c01-857317168ad7,6318,2107,415,2,pending
c43dbc0a-b27a-4a65-b573-a6e89606f4bc,9d215eea-9baf-44f1-ab21-f269fa8a7941,3905,1303,887,1,pending
e1cd513a-222b-49ee-8227-e3450cc1cb07,4c249c13-b0bd-4230-b267-e5c6eb985658,9128,3044,719,2,pending
3ab310ff-5283-4e72-8f88-cee0e9aae68b,00e1ff39-d059-4d56-bb87-aa054869d7fb,8026,2676,742,2,pending
29684160-ed2e-4639-a0b0-2eac52a52f7e,2a5b0374-75a7-492f-b49a-3ef75739237c,8831,2945,679,2,pending
8029fc02-d798-4de8-b53a-385fc75995bb,c408a552-f439-4073-ab12-9c5e6087b18b,15238,5080,126,2,pending
e65dc486-d8b3-4309-a170-32a0e4ef7fba,8445011a-6293-4ace-a43b-d36b9cb050c2,9963,3322,549,1,pending
f8070be8-5af3-4790-9e4b-dbe384348620,41433cfe-89d4-45a4-9223-537da1049a80,13683,4562,803,1,pending
21ed77b1-f689-48ba-9975-258cc7d697f4,94cfb7d2-a218-47be-87d3-fd73236ded8d,5140,1714,830,1,pending
a8f3e756-6f3f-4bc5-8e84-8cc1c1d34971,b36787b5-39b5-42e6-a054-c20895f024a8,2881,961,143,1,pending
2acfa7f6-1b8b-419f-a587-c84056564b42,184ace00-239a-4982-b114-3f59da5b0177,8276,2760,776,1,pending
186d2dbc-3325-4a36-8cb8-37e41e09eb37,f2de6918-462d-49b4-8821-632e84432141,14676,4893,418,1,pending
cfafa65f-6653-4efe-a308-a5a454e9b607,bd78b491-93ca-48ec-bb92-6ece0efb7c13,12950,4318,338,2,pending
716c4307-5b10-4c1d-8e10-f92e7db4db97,2fe7119c-706a-4642-a32f-6426d5a746c1,14867,4957,546,2,pending
4ba12a8b-8693-4f86-813e-9a21fa61fb29,a5900670-691b-4a35-91ac-9e89ae4d4445,13634,4546,453,1,pending
925fbe5a-7a14-4dd5-badd-c0d478654254,08ca0b13-ec21-4520-8318-21b5ddf672de,314,106,762,1,pending
6e46e575-5557-4f98-bd09-15cb4a7e578f,b93c81c5-b743-4c02-b0a0-cc1e3c9f0ffb,9472,3158,467,2,pending
8f889256-6d6a-440f-b0da-6e2a4a31dfd6,17c84cb4-062d-43f2-8235-967eb1b7c15d,2731,911,927,1,pending
2390fa1c-3e1c-412c-b982-8da758f6ee2a,11fde9b0-9196-4c4f-bb0e-946f38273811,1963,655,881,1,pending
1cf048ec-4ad6-4253-8ade-6684d8507b1e,c175cb68-275b-4d08-b449-97e6e3ec2421,16662,5555,171,2,pending
7ecf6515-0fc1-41e2-a33e-f2b06e1db900,be1090a3-4a97-49f7-9a40-f58973f9e1a2,14297,4767,785,2,pending
0fc4db4b-7485-4ba6-83f4-0f32103f7a39,f78f3abb-f53e-435c-bcda-969c0d4b196c,16395,5466,379,2,pending
58dd4d8d-5bbe-4b3d-8c79-4f30678a86a3,f825c137-8988-48b9-8b56-8af098f00614,10408,3470,401,1,pending
daf67dd7-30f2-4c7d-be76-8d29f1aeac87,ee98ede9-8658-4821-a517-e5e2bc65810b,14496,4833,952,1,pending
6caac55a-bf80-4192-8d98-40f2de2f9075,f120a2e6-d937-46a1-84e3-fbf21109ee03,688,230,993,1,pending
cb642dd8-1857-478e-b78b-6b2e19b384ac,a2c8c900-430b-4692-8a6d-8cf50b1926cf,12519,4174,259,2,pending
57907db7-fd9f-4a55-887e-1b4b384b8273,0cc45f55-f98e-409b-a609-b944c75a3d54,12832,4278,1000,2,pending
2441fc3a-8498-48b6-9b1c-3755936f0bd6,80fcf070-7bad-470b-8b93-eca124902f72,1685,563,273,1,pending
bafab565-7b02-46e7-8f64-da4aeb55797a,61f8ebee-4cc8-41e7-a169-3605536bca89,13780,4594,711,2,pending
aadd265d-0766-4c62-8cf6-c09f0eee45c3,c5cfd192-1501-4cea-b4c0-b530db453e90,10043,3349,620,2,pending
cb450fd7-f690-45c9-9d01-25a900d81179,94c464a6-71c7-4de9-a91f-2214c1bd0482,11753,3919,757,1,pending
67debcc9-3540-4533-a66e-8a8f0db09bdf,e56e4764-a7ac-43bb-b6fa-027012e1ff12,302,102,734,2,pending
7acd4b2c-3e04-4ef8-9239-266bb80f7cbb,eec4c3d7-8e4b-47b9-bc76-cc0393b46a37,976,326,939,1,pending
bde2eb8a-7148-4a1e-bc33-15e89b15a105,bce10182-abd3-40ed-93ed-bf9ab4698d64,10435,3479,617,1,pending
675f30ba-c0c8-4564-ab52-e431c8aa23e8,c859c2b9-0fae-4dc6-987e-e4283062f5c2,4241,1415,857,2,pending
82a6a47e-0cec-4588-acfc-4a8b3e187873,273b99ae-3caf-4fdc-bee1-c65a3b6431a8,6610,2204,876,2,pending
5c89bd2b-411a-499a-956f-14f536b2864d,99a05389-dce2-4271-ae6f-8c610a488f4f,16656,5553,770,1,pending
f1c7690f-d009-4511-a1b8-0e57a1361e1e,c8b4b4c2-e1db-4d8a-9313-c2b56a4c3712,4201,1401,421,2,pending
21935639-2e49-42cb-bb74-6a367ae8cf5c,7ba278ea-18e1-4f95-accc-8117f727300a,364,122,386,1,pending
db10f419-53f8-456f-9662-1f639d313df9,326d0300-ab68-4394-bcb2-ad89e7a61e98,9060,3021,440,1,pending
578b0b04-96e5-4ec0-ab02-fcba65ebcdfc,9157e982-ee14-4c53-b32f-f39ddb60da81,14126,4710,760,1,pending
d6b8146c-76c0-4c92-b359-bafcc0097a86,b6ffa5b4-80e7-4d2e-b8c1-7e43e088c6f9,7862,2622,183,2,pending
c6f1dfa4-88d3-48f3-ae2f-1d7cbb99cdb1,d92e7aee-0b83-4265-a7bf-fad4afd4fecd,11967,3990,598,2,pending
